chipId,name,value
0,lane_to_serdes_map_fabric_lane0,rx4:tx5
0,lane_to_serdes_map_fabric_lane1,rx5:tx4
0,lane_to_serdes_map_fabric_lane2,rx2:tx3
0,lane_to_serdes_map_fabric_lane3,rx3:tx2
0,lane_to_serdes_map_fabric_lane256,rx0:tx1
0,lane_to_serdes_map_fabric_lane257,rx1:tx0
0,lane_to_serdes_map_fabric_lane258,rx6:tx7
0,lane_to_serdes_map_fabric_lane259,rx7:tx6
0,lane_to_serdes_map_fabric_lane4,rx8:tx9
0,lane_to_serdes_map_fabric_lane5,rx9:tx8
0,lane_to_serdes_map_fabric_lane6,rx14:tx15
0,lane_to_serdes_map_fabric_lane7,rx15:tx14
0,lane_to_serdes_map_fabric_lane260,rx12:tx13
0,lane_to_serdes_map_fabric_lane261,rx13:tx12
0,lane_to_serdes_map_fabric_lane262,rx10:tx11
0,lane_to_serdes_map_fabric_lane263,rx11:tx10
0,lane_to_serdes_map_fabric_lane8,rx20:tx20
0,lane_to_serdes_map_fabric_lane9,rx21:tx21
0,lane_to_serdes_map_fabric_lane10,rx18:tx18
0,lane_to_serdes_map_fabric_lane11,rx19:tx19
0,lane_to_serdes_map_fabric_lane264,rx16:tx16
0,lane_to_serdes_map_fabric_lane265,rx17:tx17
0,lane_to_serdes_map_fabric_lane266,rx22:tx22
0,lane_to_serdes_map_fabric_lane267,rx23:tx23
0,lane_to_serdes_map_fabric_lane12,rx24:tx24
0,lane_to_serdes_map_fabric_lane13,rx25:tx25
0,lane_to_serdes_map_fabric_lane14,rx30:tx30
0,lane_to_serdes_map_fabric_lane15,rx31:tx31
0,lane_to_serdes_map_fabric_lane268,rx28:tx28
0,lane_to_serdes_map_fabric_lane269,rx29:tx29
0,lane_to_serdes_map_fabric_lane270,rx26:tx26
0,lane_to_serdes_map_fabric_lane271,rx27:tx27
0,lane_to_serdes_map_fabric_lane16,rx36:tx39
0,lane_to_serdes_map_fabric_lane17,rx37:tx36
0,lane_to_serdes_map_fabric_lane18,rx38:tx37
0,lane_to_serdes_map_fabric_lane19,rx39:tx38
0,lane_to_serdes_map_fabric_lane272,rx32:tx35
0,lane_to_serdes_map_fabric_lane273,rx33:tx32
0,lane_to_serdes_map_fabric_lane274,rx34:tx33
0,lane_to_serdes_map_fabric_lane275,rx35:tx34
0,lane_to_serdes_map_fabric_lane20,rx40:tx47
0,lane_to_serdes_map_fabric_lane21,rx41:tx44
0,lane_to_serdes_map_fabric_lane22,rx42:tx45
0,lane_to_serdes_map_fabric_lane23,rx43:tx46
0,lane_to_serdes_map_fabric_lane276,rx44:tx43
0,lane_to_serdes_map_fabric_lane277,rx45:tx40
0,lane_to_serdes_map_fabric_lane278,rx46:tx41
0,lane_to_serdes_map_fabric_lane279,rx47:tx42
0,lane_to_serdes_map_fabric_lane24,rx48:tx52
0,lane_to_serdes_map_fabric_lane25,rx49:tx53
0,lane_to_serdes_map_fabric_lane26,rx50:tx54
0,lane_to_serdes_map_fabric_lane27,rx51:tx55
0,lane_to_serdes_map_fabric_lane280,rx52:tx48
0,lane_to_serdes_map_fabric_lane281,rx53:tx49
0,lane_to_serdes_map_fabric_lane282,rx54:tx50
0,lane_to_serdes_map_fabric_lane283,rx55:tx51
0,lane_to_serdes_map_fabric_lane28,rx56:tx60
0,lane_to_serdes_map_fabric_lane29,rx57:tx61
0,lane_to_serdes_map_fabric_lane30,rx58:tx62
0,lane_to_serdes_map_fabric_lane31,rx59:tx63
0,lane_to_serdes_map_fabric_lane284,rx60:tx56
0,lane_to_serdes_map_fabric_lane285,rx61:tx57
0,lane_to_serdes_map_fabric_lane286,rx62:tx58
0,lane_to_serdes_map_fabric_lane287,rx63:tx59
0,lane_to_serdes_map_fabric_lane32,rx64:tx71
0,lane_to_serdes_map_fabric_lane33,rx65:tx68
0,lane_to_serdes_map_fabric_lane34,rx66:tx69
0,lane_to_serdes_map_fabric_lane35,rx67:tx70
0,lane_to_serdes_map_fabric_lane288,rx68:tx67
0,lane_to_serdes_map_fabric_lane289,rx69:tx64
0,lane_to_serdes_map_fabric_lane290,rx70:tx65
0,lane_to_serdes_map_fabric_lane291,rx71:tx66
0,lane_to_serdes_map_fabric_lane36,rx72:tx79
0,lane_to_serdes_map_fabric_lane37,rx73:tx76
0,lane_to_serdes_map_fabric_lane38,rx74:tx77
0,lane_to_serdes_map_fabric_lane39,rx75:tx78
0,lane_to_serdes_map_fabric_lane292,rx76:tx75
0,lane_to_serdes_map_fabric_lane293,rx77:tx72
0,lane_to_serdes_map_fabric_lane294,rx78:tx73
0,lane_to_serdes_map_fabric_lane295,rx79:tx74
0,lane_to_serdes_map_fabric_lane40,rx80:tx84
0,lane_to_serdes_map_fabric_lane41,rx81:tx85
0,lane_to_serdes_map_fabric_lane42,rx82:tx86
0,lane_to_serdes_map_fabric_lane43,rx83:tx87
0,lane_to_serdes_map_fabric_lane296,rx84:tx80
0,lane_to_serdes_map_fabric_lane297,rx85:tx81
0,lane_to_serdes_map_fabric_lane298,rx86:tx82
0,lane_to_serdes_map_fabric_lane299,rx87:tx83
0,lane_to_serdes_map_fabric_lane44,rx88:tx92
0,lane_to_serdes_map_fabric_lane45,rx89:tx93
0,lane_to_serdes_map_fabric_lane46,rx90:tx94
0,lane_to_serdes_map_fabric_lane47,rx91:tx95
0,lane_to_serdes_map_fabric_lane300,rx92:tx88
0,lane_to_serdes_map_fabric_lane301,rx93:tx89
0,lane_to_serdes_map_fabric_lane302,rx94:tx90
0,lane_to_serdes_map_fabric_lane303,rx95:tx91
0,lane_to_serdes_map_fabric_lane48,rx96:tx103
0,lane_to_serdes_map_fabric_lane49,rx97:tx100
0,lane_to_serdes_map_fabric_lane50,rx98:tx101
0,lane_to_serdes_map_fabric_lane51,rx99:tx102
0,lane_to_serdes_map_fabric_lane304,rx100:tx99
0,lane_to_serdes_map_fabric_lane305,rx101:tx96
0,lane_to_serdes_map_fabric_lane306,rx102:tx97
0,lane_to_serdes_map_fabric_lane307,rx103:tx98
0,lane_to_serdes_map_fabric_lane52,rx104:tx111
0,lane_to_serdes_map_fabric_lane53,rx105:tx108
0,lane_to_serdes_map_fabric_lane54,rx106:tx109
0,lane_to_serdes_map_fabric_lane55,rx107:tx110
0,lane_to_serdes_map_fabric_lane308,rx108:tx107
0,lane_to_serdes_map_fabric_lane309,rx109:tx104
0,lane_to_serdes_map_fabric_lane310,rx110:tx105
0,lane_to_serdes_map_fabric_lane311,rx111:tx106
0,lane_to_serdes_map_fabric_lane56,rx112:tx116
0,lane_to_serdes_map_fabric_lane57,rx113:tx117
0,lane_to_serdes_map_fabric_lane58,rx114:tx118
0,lane_to_serdes_map_fabric_lane59,rx115:tx119
0,lane_to_serdes_map_fabric_lane312,rx116:tx112
0,lane_to_serdes_map_fabric_lane313,rx117:tx113
0,lane_to_serdes_map_fabric_lane314,rx118:tx114
0,lane_to_serdes_map_fabric_lane315,rx119:tx115
0,lane_to_serdes_map_fabric_lane60,rx120:tx124
0,lane_to_serdes_map_fabric_lane61,rx121:tx125
0,lane_to_serdes_map_fabric_lane62,rx122:tx126
0,lane_to_serdes_map_fabric_lane63,rx123:tx127
0,lane_to_serdes_map_fabric_lane316,rx124:tx120
0,lane_to_serdes_map_fabric_lane317,rx125:tx121
0,lane_to_serdes_map_fabric_lane318,rx126:tx122
0,lane_to_serdes_map_fabric_lane319,rx127:tx123
0,lane_to_serdes_map_fabric_lane64,rx128:tx135
0,lane_to_serdes_map_fabric_lane65,rx129:tx132
0,lane_to_serdes_map_fabric_lane66,rx130:tx133
0,lane_to_serdes_map_fabric_lane67,rx131:tx134
0,lane_to_serdes_map_fabric_lane320,rx132:tx131
0,lane_to_serdes_map_fabric_lane321,rx133:tx128
0,lane_to_serdes_map_fabric_lane322,rx134:tx129
0,lane_to_serdes_map_fabric_lane323,rx135:tx130
0,lane_to_serdes_map_fabric_lane68,rx136:tx143
0,lane_to_serdes_map_fabric_lane69,rx137:tx140
0,lane_to_serdes_map_fabric_lane70,rx138:tx141
0,lane_to_serdes_map_fabric_lane71,rx139:tx142
0,lane_to_serdes_map_fabric_lane324,rx140:tx139
0,lane_to_serdes_map_fabric_lane325,rx141:tx136
0,lane_to_serdes_map_fabric_lane326,rx142:tx137
0,lane_to_serdes_map_fabric_lane327,rx143:tx138
0,lane_to_serdes_map_fabric_lane72,rx144:tx148
0,lane_to_serdes_map_fabric_lane73,rx145:tx149
0,lane_to_serdes_map_fabric_lane74,rx146:tx150
0,lane_to_serdes_map_fabric_lane75,rx147:tx151
0,lane_to_serdes_map_fabric_lane328,rx148:tx144
0,lane_to_serdes_map_fabric_lane329,rx149:tx145
0,lane_to_serdes_map_fabric_lane330,rx150:tx146
0,lane_to_serdes_map_fabric_lane331,rx151:tx147
0,lane_to_serdes_map_fabric_lane76,rx152:tx156
0,lane_to_serdes_map_fabric_lane77,rx153:tx157
0,lane_to_serdes_map_fabric_lane78,rx154:tx158
0,lane_to_serdes_map_fabric_lane79,rx155:tx159
0,lane_to_serdes_map_fabric_lane332,rx156:tx152
0,lane_to_serdes_map_fabric_lane333,rx157:tx153
0,lane_to_serdes_map_fabric_lane334,rx158:tx154
0,lane_to_serdes_map_fabric_lane335,rx159:tx155
0,lane_to_serdes_map_fabric_lane80,rx160:tx167
0,lane_to_serdes_map_fabric_lane81,rx161:tx164
0,lane_to_serdes_map_fabric_lane82,rx162:tx165
0,lane_to_serdes_map_fabric_lane83,rx163:tx166
0,lane_to_serdes_map_fabric_lane336,rx164:tx163
0,lane_to_serdes_map_fabric_lane337,rx165:tx160
0,lane_to_serdes_map_fabric_lane338,rx166:tx161
0,lane_to_serdes_map_fabric_lane339,rx167:tx162
0,lane_to_serdes_map_fabric_lane84,rx168:tx175
0,lane_to_serdes_map_fabric_lane85,rx169:tx172
0,lane_to_serdes_map_fabric_lane86,rx170:tx173
0,lane_to_serdes_map_fabric_lane87,rx171:tx174
0,lane_to_serdes_map_fabric_lane340,rx172:tx171
0,lane_to_serdes_map_fabric_lane341,rx173:tx168
0,lane_to_serdes_map_fabric_lane342,rx174:tx169
0,lane_to_serdes_map_fabric_lane343,rx175:tx170
0,lane_to_serdes_map_fabric_lane88,rx176:tx180
0,lane_to_serdes_map_fabric_lane89,rx177:tx181
0,lane_to_serdes_map_fabric_lane90,rx178:tx182
0,lane_to_serdes_map_fabric_lane91,rx179:tx183
0,lane_to_serdes_map_fabric_lane344,rx180:tx176
0,lane_to_serdes_map_fabric_lane345,rx181:tx177
0,lane_to_serdes_map_fabric_lane346,rx182:tx178
0,lane_to_serdes_map_fabric_lane347,rx183:tx179
0,lane_to_serdes_map_fabric_lane92,rx184:tx188
0,lane_to_serdes_map_fabric_lane93,rx185:tx189
0,lane_to_serdes_map_fabric_lane94,rx186:tx190
0,lane_to_serdes_map_fabric_lane95,rx187:tx191
0,lane_to_serdes_map_fabric_lane348,rx188:tx184
0,lane_to_serdes_map_fabric_lane349,rx189:tx185
0,lane_to_serdes_map_fabric_lane350,rx190:tx186
0,lane_to_serdes_map_fabric_lane351,rx191:tx187
0,lane_to_serdes_map_fabric_lane96,rx192:tx199
0,lane_to_serdes_map_fabric_lane97,rx193:tx196
0,lane_to_serdes_map_fabric_lane98,rx194:tx197
0,lane_to_serdes_map_fabric_lane99,rx195:tx198
0,lane_to_serdes_map_fabric_lane352,rx196:tx195
0,lane_to_serdes_map_fabric_lane353,rx197:tx192
0,lane_to_serdes_map_fabric_lane354,rx198:tx193
0,lane_to_serdes_map_fabric_lane355,rx199:tx194
0,lane_to_serdes_map_fabric_lane100,rx200:tx207
0,lane_to_serdes_map_fabric_lane101,rx201:tx204
0,lane_to_serdes_map_fabric_lane102,rx202:tx205
0,lane_to_serdes_map_fabric_lane103,rx203:tx206
0,lane_to_serdes_map_fabric_lane356,rx204:tx203
0,lane_to_serdes_map_fabric_lane357,rx205:tx200
0,lane_to_serdes_map_fabric_lane358,rx206:tx201
0,lane_to_serdes_map_fabric_lane359,rx207:tx202
0,lane_to_serdes_map_fabric_lane104,rx208:tx212
0,lane_to_serdes_map_fabric_lane105,rx209:tx213
0,lane_to_serdes_map_fabric_lane106,rx210:tx214
0,lane_to_serdes_map_fabric_lane107,rx211:tx215
0,lane_to_serdes_map_fabric_lane360,rx212:tx208
0,lane_to_serdes_map_fabric_lane361,rx213:tx209
0,lane_to_serdes_map_fabric_lane362,rx214:tx210
0,lane_to_serdes_map_fabric_lane363,rx215:tx211
0,lane_to_serdes_map_fabric_lane108,rx216:tx220
0,lane_to_serdes_map_fabric_lane109,rx217:tx221
0,lane_to_serdes_map_fabric_lane110,rx218:tx222
0,lane_to_serdes_map_fabric_lane111,rx219:tx223
0,lane_to_serdes_map_fabric_lane364,rx220:tx216
0,lane_to_serdes_map_fabric_lane365,rx221:tx217
0,lane_to_serdes_map_fabric_lane366,rx222:tx218
0,lane_to_serdes_map_fabric_lane367,rx223:tx219
0,lane_to_serdes_map_fabric_lane112,rx224:tx225
0,lane_to_serdes_map_fabric_lane113,rx225:tx224
0,lane_to_serdes_map_fabric_lane114,rx230:tx231
0,lane_to_serdes_map_fabric_lane115,rx231:tx230
0,lane_to_serdes_map_fabric_lane368,rx228:tx229
0,lane_to_serdes_map_fabric_lane369,rx229:tx228
0,lane_to_serdes_map_fabric_lane370,rx226:tx227
0,lane_to_serdes_map_fabric_lane371,rx227:tx226
0,lane_to_serdes_map_fabric_lane116,rx236:tx237
0,lane_to_serdes_map_fabric_lane117,rx237:tx236
0,lane_to_serdes_map_fabric_lane118,rx234:tx235
0,lane_to_serdes_map_fabric_lane119,rx235:tx234
0,lane_to_serdes_map_fabric_lane372,rx232:tx233
0,lane_to_serdes_map_fabric_lane373,rx233:tx232
0,lane_to_serdes_map_fabric_lane374,rx238:tx239
0,lane_to_serdes_map_fabric_lane375,rx239:tx238
0,lane_to_serdes_map_fabric_lane120,rx240:tx240
0,lane_to_serdes_map_fabric_lane121,rx241:tx241
0,lane_to_serdes_map_fabric_lane122,rx246:tx246
0,lane_to_serdes_map_fabric_lane123,rx247:tx247
0,lane_to_serdes_map_fabric_lane376,rx244:tx244
0,lane_to_serdes_map_fabric_lane377,rx245:tx245
0,lane_to_serdes_map_fabric_lane378,rx242:tx242
0,lane_to_serdes_map_fabric_lane379,rx243:tx243
0,lane_to_serdes_map_fabric_lane124,rx252:tx252
0,lane_to_serdes_map_fabric_lane125,rx253:tx253
0,lane_to_serdes_map_fabric_lane126,rx250:tx250
0,lane_to_serdes_map_fabric_lane127,rx251:tx251
0,lane_to_serdes_map_fabric_lane380,rx248:tx248
0,lane_to_serdes_map_fabric_lane381,rx249:tx249
0,lane_to_serdes_map_fabric_lane382,rx254:tx254
0,lane_to_serdes_map_fabric_lane383,rx255:tx255
0,lane_to_serdes_map_fabric_lane128,rx256:tx257
0,lane_to_serdes_map_fabric_lane129,rx257:tx256
0,lane_to_serdes_map_fabric_lane130,rx262:tx263
0,lane_to_serdes_map_fabric_lane131,rx263:tx262
0,lane_to_serdes_map_fabric_lane384,rx260:tx261
0,lane_to_serdes_map_fabric_lane385,rx261:tx260
0,lane_to_serdes_map_fabric_lane386,rx258:tx259
0,lane_to_serdes_map_fabric_lane387,rx259:tx258
0,lane_to_serdes_map_fabric_lane132,rx268:tx269
0,lane_to_serdes_map_fabric_lane133,rx269:tx268
0,lane_to_serdes_map_fabric_lane134,rx266:tx267
0,lane_to_serdes_map_fabric_lane135,rx267:tx266
0,lane_to_serdes_map_fabric_lane388,rx264:tx265
0,lane_to_serdes_map_fabric_lane389,rx265:tx264
0,lane_to_serdes_map_fabric_lane390,rx270:tx271
0,lane_to_serdes_map_fabric_lane391,rx271:tx270
0,lane_to_serdes_map_fabric_lane136,rx272:tx272
0,lane_to_serdes_map_fabric_lane137,rx273:tx273
0,lane_to_serdes_map_fabric_lane138,rx278:tx278
0,lane_to_serdes_map_fabric_lane139,rx279:tx279
0,lane_to_serdes_map_fabric_lane392,rx276:tx276
0,lane_to_serdes_map_fabric_lane393,rx277:tx277
0,lane_to_serdes_map_fabric_lane394,rx274:tx274
0,lane_to_serdes_map_fabric_lane395,rx275:tx275
0,lane_to_serdes_map_fabric_lane140,rx284:tx284
0,lane_to_serdes_map_fabric_lane141,rx285:tx285
0,lane_to_serdes_map_fabric_lane142,rx282:tx282
0,lane_to_serdes_map_fabric_lane143,rx283:tx283
0,lane_to_serdes_map_fabric_lane396,rx280:tx280
0,lane_to_serdes_map_fabric_lane397,rx281:tx281
0,lane_to_serdes_map_fabric_lane398,rx286:tx286
0,lane_to_serdes_map_fabric_lane399,rx287:tx287
0,lane_to_serdes_map_fabric_lane144,rx288:tx295
0,lane_to_serdes_map_fabric_lane145,rx289:tx292
0,lane_to_serdes_map_fabric_lane146,rx290:tx293
0,lane_to_serdes_map_fabric_lane147,rx291:tx294
0,lane_to_serdes_map_fabric_lane400,rx292:tx291
0,lane_to_serdes_map_fabric_lane401,rx293:tx288
0,lane_to_serdes_map_fabric_lane402,rx294:tx289
0,lane_to_serdes_map_fabric_lane403,rx295:tx290
0,lane_to_serdes_map_fabric_lane148,rx296:tx303
0,lane_to_serdes_map_fabric_lane149,rx297:tx300
0,lane_to_serdes_map_fabric_lane150,rx298:tx301
0,lane_to_serdes_map_fabric_lane151,rx299:tx302
0,lane_to_serdes_map_fabric_lane404,rx300:tx299
0,lane_to_serdes_map_fabric_lane405,rx301:tx296
0,lane_to_serdes_map_fabric_lane406,rx302:tx297
0,lane_to_serdes_map_fabric_lane407,rx303:tx298
0,lane_to_serdes_map_fabric_lane152,rx304:tx308
0,lane_to_serdes_map_fabric_lane153,rx305:tx309
0,lane_to_serdes_map_fabric_lane154,rx306:tx310
0,lane_to_serdes_map_fabric_lane155,rx307:tx311
0,lane_to_serdes_map_fabric_lane408,rx308:tx304
0,lane_to_serdes_map_fabric_lane409,rx309:tx305
0,lane_to_serdes_map_fabric_lane410,rx310:tx306
0,lane_to_serdes_map_fabric_lane411,rx311:tx307
0,lane_to_serdes_map_fabric_lane156,rx312:tx316
0,lane_to_serdes_map_fabric_lane157,rx313:tx317
0,lane_to_serdes_map_fabric_lane158,rx314:tx318
0,lane_to_serdes_map_fabric_lane159,rx315:tx319
0,lane_to_serdes_map_fabric_lane412,rx316:tx312
0,lane_to_serdes_map_fabric_lane413,rx317:tx313
0,lane_to_serdes_map_fabric_lane414,rx318:tx314
0,lane_to_serdes_map_fabric_lane415,rx319:tx315
0,lane_to_serdes_map_fabric_lane160,rx320:tx327
0,lane_to_serdes_map_fabric_lane161,rx321:tx324
0,lane_to_serdes_map_fabric_lane162,rx322:tx325
0,lane_to_serdes_map_fabric_lane163,rx323:tx326
0,lane_to_serdes_map_fabric_lane416,rx324:tx323
0,lane_to_serdes_map_fabric_lane417,rx325:tx320
0,lane_to_serdes_map_fabric_lane418,rx326:tx321
0,lane_to_serdes_map_fabric_lane419,rx327:tx322
0,lane_to_serdes_map_fabric_lane164,rx328:tx335
0,lane_to_serdes_map_fabric_lane165,rx329:tx332
0,lane_to_serdes_map_fabric_lane166,rx330:tx333
0,lane_to_serdes_map_fabric_lane167,rx331:tx334
0,lane_to_serdes_map_fabric_lane420,rx332:tx331
0,lane_to_serdes_map_fabric_lane421,rx333:tx328
0,lane_to_serdes_map_fabric_lane422,rx334:tx329
0,lane_to_serdes_map_fabric_lane423,rx335:tx330
0,lane_to_serdes_map_fabric_lane168,rx336:tx340
0,lane_to_serdes_map_fabric_lane169,rx337:tx341
0,lane_to_serdes_map_fabric_lane170,rx338:tx342
0,lane_to_serdes_map_fabric_lane171,rx339:tx343
0,lane_to_serdes_map_fabric_lane424,rx340:tx336
0,lane_to_serdes_map_fabric_lane425,rx341:tx337
0,lane_to_serdes_map_fabric_lane426,rx342:tx338
0,lane_to_serdes_map_fabric_lane427,rx343:tx339
0,lane_to_serdes_map_fabric_lane172,rx344:tx348
0,lane_to_serdes_map_fabric_lane173,rx345:tx349
0,lane_to_serdes_map_fabric_lane174,rx346:tx350
0,lane_to_serdes_map_fabric_lane175,rx347:tx351
0,lane_to_serdes_map_fabric_lane428,rx348:tx344
0,lane_to_serdes_map_fabric_lane429,rx349:tx345
0,lane_to_serdes_map_fabric_lane430,rx350:tx346
0,lane_to_serdes_map_fabric_lane431,rx351:tx347
0,lane_to_serdes_map_fabric_lane176,rx352:tx359
0,lane_to_serdes_map_fabric_lane177,rx353:tx356
0,lane_to_serdes_map_fabric_lane178,rx354:tx357
0,lane_to_serdes_map_fabric_lane179,rx355:tx358
0,lane_to_serdes_map_fabric_lane432,rx356:tx355
0,lane_to_serdes_map_fabric_lane433,rx357:tx352
0,lane_to_serdes_map_fabric_lane434,rx358:tx353
0,lane_to_serdes_map_fabric_lane435,rx359:tx354
0,lane_to_serdes_map_fabric_lane180,rx360:tx367
0,lane_to_serdes_map_fabric_lane181,rx361:tx364
0,lane_to_serdes_map_fabric_lane182,rx362:tx365
0,lane_to_serdes_map_fabric_lane183,rx363:tx366
0,lane_to_serdes_map_fabric_lane436,rx364:tx363
0,lane_to_serdes_map_fabric_lane437,rx365:tx360
0,lane_to_serdes_map_fabric_lane438,rx366:tx361
0,lane_to_serdes_map_fabric_lane439,rx367:tx362
0,lane_to_serdes_map_fabric_lane184,rx368:tx372
0,lane_to_serdes_map_fabric_lane185,rx369:tx373
0,lane_to_serdes_map_fabric_lane186,rx370:tx374
0,lane_to_serdes_map_fabric_lane187,rx371:tx375
0,lane_to_serdes_map_fabric_lane440,rx372:tx368
0,lane_to_serdes_map_fabric_lane441,rx373:tx369
0,lane_to_serdes_map_fabric_lane442,rx374:tx370
0,lane_to_serdes_map_fabric_lane443,rx375:tx371
0,lane_to_serdes_map_fabric_lane188,rx376:tx380
0,lane_to_serdes_map_fabric_lane189,rx377:tx381
0,lane_to_serdes_map_fabric_lane190,rx378:tx382
0,lane_to_serdes_map_fabric_lane191,rx379:tx383
0,lane_to_serdes_map_fabric_lane444,rx380:tx376
0,lane_to_serdes_map_fabric_lane445,rx381:tx377
0,lane_to_serdes_map_fabric_lane446,rx382:tx378
0,lane_to_serdes_map_fabric_lane447,rx383:tx379
0,lane_to_serdes_map_fabric_lane192,rx384:tx391
0,lane_to_serdes_map_fabric_lane193,rx385:tx388
0,lane_to_serdes_map_fabric_lane194,rx386:tx389
0,lane_to_serdes_map_fabric_lane195,rx387:tx390
0,lane_to_serdes_map_fabric_lane448,rx388:tx387
0,lane_to_serdes_map_fabric_lane449,rx389:tx384
0,lane_to_serdes_map_fabric_lane450,rx390:tx385
0,lane_to_serdes_map_fabric_lane451,rx391:tx386
0,lane_to_serdes_map_fabric_lane196,rx392:tx399
0,lane_to_serdes_map_fabric_lane197,rx393:tx396
0,lane_to_serdes_map_fabric_lane198,rx394:tx397
0,lane_to_serdes_map_fabric_lane199,rx395:tx398
0,lane_to_serdes_map_fabric_lane452,rx396:tx395
0,lane_to_serdes_map_fabric_lane453,rx397:tx392
0,lane_to_serdes_map_fabric_lane454,rx398:tx393
0,lane_to_serdes_map_fabric_lane455,rx399:tx394
0,lane_to_serdes_map_fabric_lane200,rx400:tx404
0,lane_to_serdes_map_fabric_lane201,rx401:tx405
0,lane_to_serdes_map_fabric_lane202,rx402:tx406
0,lane_to_serdes_map_fabric_lane203,rx403:tx407
0,lane_to_serdes_map_fabric_lane456,rx404:tx400
0,lane_to_serdes_map_fabric_lane457,rx405:tx401
0,lane_to_serdes_map_fabric_lane458,rx406:tx402
0,lane_to_serdes_map_fabric_lane459,rx407:tx403
0,lane_to_serdes_map_fabric_lane204,rx408:tx412
0,lane_to_serdes_map_fabric_lane205,rx409:tx413
0,lane_to_serdes_map_fabric_lane206,rx410:tx414
0,lane_to_serdes_map_fabric_lane207,rx411:tx415
0,lane_to_serdes_map_fabric_lane460,rx412:tx408
0,lane_to_serdes_map_fabric_lane461,rx413:tx409
0,lane_to_serdes_map_fabric_lane462,rx414:tx410
0,lane_to_serdes_map_fabric_lane463,rx415:tx411
0,lane_to_serdes_map_fabric_lane208,rx416:tx423
0,lane_to_serdes_map_fabric_lane209,rx417:tx420
0,lane_to_serdes_map_fabric_lane210,rx418:tx421
0,lane_to_serdes_map_fabric_lane211,rx419:tx422
0,lane_to_serdes_map_fabric_lane464,rx420:tx419
0,lane_to_serdes_map_fabric_lane465,rx421:tx416
0,lane_to_serdes_map_fabric_lane466,rx422:tx417
0,lane_to_serdes_map_fabric_lane467,rx423:tx418
0,lane_to_serdes_map_fabric_lane212,rx424:tx431
0,lane_to_serdes_map_fabric_lane213,rx425:tx428
0,lane_to_serdes_map_fabric_lane214,rx426:tx429
0,lane_to_serdes_map_fabric_lane215,rx427:tx430
0,lane_to_serdes_map_fabric_lane468,rx428:tx427
0,lane_to_serdes_map_fabric_lane469,rx429:tx424
0,lane_to_serdes_map_fabric_lane470,rx430:tx425
0,lane_to_serdes_map_fabric_lane471,rx431:tx426
0,lane_to_serdes_map_fabric_lane216,rx432:tx436
0,lane_to_serdes_map_fabric_lane217,rx433:tx437
0,lane_to_serdes_map_fabric_lane218,rx434:tx438
0,lane_to_serdes_map_fabric_lane219,rx435:tx439
0,lane_to_serdes_map_fabric_lane472,rx436:tx432
0,lane_to_serdes_map_fabric_lane473,rx437:tx433
0,lane_to_serdes_map_fabric_lane474,rx438:tx434
0,lane_to_serdes_map_fabric_lane475,rx439:tx435
0,lane_to_serdes_map_fabric_lane220,rx440:tx444
0,lane_to_serdes_map_fabric_lane221,rx441:tx445
0,lane_to_serdes_map_fabric_lane222,rx442:tx446
0,lane_to_serdes_map_fabric_lane223,rx443:tx447
0,lane_to_serdes_map_fabric_lane476,rx444:tx440
0,lane_to_serdes_map_fabric_lane477,rx445:tx441
0,lane_to_serdes_map_fabric_lane478,rx446:tx442
0,lane_to_serdes_map_fabric_lane479,rx447:tx443
0,lane_to_serdes_map_fabric_lane224,rx448:tx455
0,lane_to_serdes_map_fabric_lane225,rx449:tx452
0,lane_to_serdes_map_fabric_lane226,rx450:tx453
0,lane_to_serdes_map_fabric_lane227,rx451:tx454
0,lane_to_serdes_map_fabric_lane480,rx452:tx451
0,lane_to_serdes_map_fabric_lane481,rx453:tx448
0,lane_to_serdes_map_fabric_lane482,rx454:tx449
0,lane_to_serdes_map_fabric_lane483,rx455:tx450
0,lane_to_serdes_map_fabric_lane228,rx456:tx463
0,lane_to_serdes_map_fabric_lane229,rx457:tx460
0,lane_to_serdes_map_fabric_lane230,rx458:tx461
0,lane_to_serdes_map_fabric_lane231,rx459:tx462
0,lane_to_serdes_map_fabric_lane484,rx460:tx459
0,lane_to_serdes_map_fabric_lane485,rx461:tx456
0,lane_to_serdes_map_fabric_lane486,rx462:tx457
0,lane_to_serdes_map_fabric_lane487,rx463:tx458
0,lane_to_serdes_map_fabric_lane232,rx468:tx464
0,lane_to_serdes_map_fabric_lane233,rx469:tx465
0,lane_to_serdes_map_fabric_lane234,rx470:tx466
0,lane_to_serdes_map_fabric_lane235,rx471:tx467
0,lane_to_serdes_map_fabric_lane488,rx464:tx468
0,lane_to_serdes_map_fabric_lane489,rx465:tx469
0,lane_to_serdes_map_fabric_lane490,rx466:tx470
0,lane_to_serdes_map_fabric_lane491,rx467:tx471
0,lane_to_serdes_map_fabric_lane236,rx472:tx472
0,lane_to_serdes_map_fabric_lane237,rx473:tx473
0,lane_to_serdes_map_fabric_lane238,rx474:tx474
0,lane_to_serdes_map_fabric_lane239,rx475:tx475
0,lane_to_serdes_map_fabric_lane492,rx476:tx476
0,lane_to_serdes_map_fabric_lane493,rx477:tx477
0,lane_to_serdes_map_fabric_lane494,rx478:tx478
0,lane_to_serdes_map_fabric_lane495,rx479:tx479
0,lane_to_serdes_map_fabric_lane240,rx480:tx481
0,lane_to_serdes_map_fabric_lane241,rx481:tx480
0,lane_to_serdes_map_fabric_lane242,rx486:tx487
0,lane_to_serdes_map_fabric_lane243,rx487:tx486
0,lane_to_serdes_map_fabric_lane496,rx484:tx485
0,lane_to_serdes_map_fabric_lane497,rx485:tx484
0,lane_to_serdes_map_fabric_lane498,rx482:tx483
0,lane_to_serdes_map_fabric_lane499,rx483:tx482
0,lane_to_serdes_map_fabric_lane244,rx492:tx493
0,lane_to_serdes_map_fabric_lane245,rx493:tx492
0,lane_to_serdes_map_fabric_lane246,rx490:tx491
0,lane_to_serdes_map_fabric_lane247,rx491:tx490
0,lane_to_serdes_map_fabric_lane500,rx488:tx489
0,lane_to_serdes_map_fabric_lane501,rx489:tx488
0,lane_to_serdes_map_fabric_lane502,rx494:tx495
0,lane_to_serdes_map_fabric_lane503,rx495:tx494
0,lane_to_serdes_map_fabric_lane248,rx496:tx496
0,lane_to_serdes_map_fabric_lane249,rx497:tx497
0,lane_to_serdes_map_fabric_lane250,rx502:tx502
0,lane_to_serdes_map_fabric_lane251,rx503:tx503
0,lane_to_serdes_map_fabric_lane504,rx500:tx500
0,lane_to_serdes_map_fabric_lane505,rx501:tx501
0,lane_to_serdes_map_fabric_lane506,rx498:tx498
0,lane_to_serdes_map_fabric_lane507,rx499:tx499
0,lane_to_serdes_map_fabric_lane252,rx508:tx508
0,lane_to_serdes_map_fabric_lane253,rx509:tx509
0,lane_to_serdes_map_fabric_lane254,rx506:tx506
0,lane_to_serdes_map_fabric_lane255,rx507:tx507
0,lane_to_serdes_map_fabric_lane508,rx504:tx504
0,lane_to_serdes_map_fabric_lane509,rx505:tx505
0,lane_to_serdes_map_fabric_lane510,rx510:tx510
0,lane_to_serdes_map_fabric_lane511,rx511:tx511
1,lane_to_serdes_map_fabric_lane0,rx4:tx5
1,lane_to_serdes_map_fabric_lane1,rx5:tx4
1,lane_to_serdes_map_fabric_lane2,rx2:tx3
1,lane_to_serdes_map_fabric_lane3,rx3:tx2
1,lane_to_serdes_map_fabric_lane256,rx0:tx1
1,lane_to_serdes_map_fabric_lane257,rx1:tx0
1,lane_to_serdes_map_fabric_lane258,rx6:tx7
1,lane_to_serdes_map_fabric_lane259,rx7:tx6
1,lane_to_serdes_map_fabric_lane4,rx8:tx9
1,lane_to_serdes_map_fabric_lane5,rx9:tx8
1,lane_to_serdes_map_fabric_lane6,rx14:tx15
1,lane_to_serdes_map_fabric_lane7,rx15:tx14
1,lane_to_serdes_map_fabric_lane260,rx12:tx13
1,lane_to_serdes_map_fabric_lane261,rx13:tx12
1,lane_to_serdes_map_fabric_lane262,rx10:tx11
1,lane_to_serdes_map_fabric_lane263,rx11:tx10
1,lane_to_serdes_map_fabric_lane8,rx20:tx20
1,lane_to_serdes_map_fabric_lane9,rx21:tx21
1,lane_to_serdes_map_fabric_lane10,rx18:tx18
1,lane_to_serdes_map_fabric_lane11,rx19:tx19
1,lane_to_serdes_map_fabric_lane264,rx16:tx16
1,lane_to_serdes_map_fabric_lane265,rx17:tx17
1,lane_to_serdes_map_fabric_lane266,rx22:tx22
1,lane_to_serdes_map_fabric_lane267,rx23:tx23
1,lane_to_serdes_map_fabric_lane12,rx24:tx24
1,lane_to_serdes_map_fabric_lane13,rx25:tx25
1,lane_to_serdes_map_fabric_lane14,rx30:tx30
1,lane_to_serdes_map_fabric_lane15,rx31:tx31
1,lane_to_serdes_map_fabric_lane268,rx28:tx28
1,lane_to_serdes_map_fabric_lane269,rx29:tx29
1,lane_to_serdes_map_fabric_lane270,rx26:tx26
1,lane_to_serdes_map_fabric_lane271,rx27:tx27
1,lane_to_serdes_map_fabric_lane16,rx32:tx33
1,lane_to_serdes_map_fabric_lane17,rx33:tx34
1,lane_to_serdes_map_fabric_lane18,rx34:tx35
1,lane_to_serdes_map_fabric_lane19,rx35:tx32
1,lane_to_serdes_map_fabric_lane272,rx36:tx37
1,lane_to_serdes_map_fabric_lane273,rx37:tx38
1,lane_to_serdes_map_fabric_lane274,rx38:tx39
1,lane_to_serdes_map_fabric_lane275,rx39:tx36
1,lane_to_serdes_map_fabric_lane20,rx44:tx41
1,lane_to_serdes_map_fabric_lane21,rx45:tx42
1,lane_to_serdes_map_fabric_lane22,rx46:tx43
1,lane_to_serdes_map_fabric_lane23,rx47:tx40
1,lane_to_serdes_map_fabric_lane276,rx40:tx45
1,lane_to_serdes_map_fabric_lane277,rx41:tx46
1,lane_to_serdes_map_fabric_lane278,rx42:tx47
1,lane_to_serdes_map_fabric_lane279,rx43:tx44
1,lane_to_serdes_map_fabric_lane24,rx48:tx52
1,lane_to_serdes_map_fabric_lane25,rx49:tx53
1,lane_to_serdes_map_fabric_lane26,rx50:tx54
1,lane_to_serdes_map_fabric_lane27,rx51:tx55
1,lane_to_serdes_map_fabric_lane280,rx52:tx48
1,lane_to_serdes_map_fabric_lane281,rx53:tx49
1,lane_to_serdes_map_fabric_lane282,rx54:tx50
1,lane_to_serdes_map_fabric_lane283,rx55:tx51
1,lane_to_serdes_map_fabric_lane28,rx56:tx60
1,lane_to_serdes_map_fabric_lane29,rx57:tx61
1,lane_to_serdes_map_fabric_lane30,rx58:tx62
1,lane_to_serdes_map_fabric_lane31,rx59:tx63
1,lane_to_serdes_map_fabric_lane284,rx60:tx56
1,lane_to_serdes_map_fabric_lane285,rx61:tx57
1,lane_to_serdes_map_fabric_lane286,rx62:tx58
1,lane_to_serdes_map_fabric_lane287,rx63:tx59
1,lane_to_serdes_map_fabric_lane32,rx64:tx69
1,lane_to_serdes_map_fabric_lane33,rx65:tx70
1,lane_to_serdes_map_fabric_lane34,rx66:tx71
1,lane_to_serdes_map_fabric_lane35,rx67:tx68
1,lane_to_serdes_map_fabric_lane288,rx68:tx65
1,lane_to_serdes_map_fabric_lane289,rx69:tx66
1,lane_to_serdes_map_fabric_lane290,rx70:tx67
1,lane_to_serdes_map_fabric_lane291,rx71:tx64
1,lane_to_serdes_map_fabric_lane36,rx72:tx77
1,lane_to_serdes_map_fabric_lane37,rx73:tx78
1,lane_to_serdes_map_fabric_lane38,rx74:tx79
1,lane_to_serdes_map_fabric_lane39,rx75:tx76
1,lane_to_serdes_map_fabric_lane292,rx76:tx73
1,lane_to_serdes_map_fabric_lane293,rx77:tx74
1,lane_to_serdes_map_fabric_lane294,rx78:tx75
1,lane_to_serdes_map_fabric_lane295,rx79:tx72
1,lane_to_serdes_map_fabric_lane40,rx80:tx84
1,lane_to_serdes_map_fabric_lane41,rx81:tx85
1,lane_to_serdes_map_fabric_lane42,rx82:tx86
1,lane_to_serdes_map_fabric_lane43,rx83:tx87
1,lane_to_serdes_map_fabric_lane296,rx84:tx80
1,lane_to_serdes_map_fabric_lane297,rx85:tx81
1,lane_to_serdes_map_fabric_lane298,rx86:tx82
1,lane_to_serdes_map_fabric_lane299,rx87:tx83
1,lane_to_serdes_map_fabric_lane44,rx88:tx92
1,lane_to_serdes_map_fabric_lane45,rx89:tx93
1,lane_to_serdes_map_fabric_lane46,rx90:tx94
1,lane_to_serdes_map_fabric_lane47,rx91:tx95
1,lane_to_serdes_map_fabric_lane300,rx92:tx88
1,lane_to_serdes_map_fabric_lane301,rx93:tx89
1,lane_to_serdes_map_fabric_lane302,rx94:tx90
1,lane_to_serdes_map_fabric_lane303,rx95:tx91
1,lane_to_serdes_map_fabric_lane48,rx96:tx101
1,lane_to_serdes_map_fabric_lane49,rx97:tx102
1,lane_to_serdes_map_fabric_lane50,rx98:tx103
1,lane_to_serdes_map_fabric_lane51,rx99:tx100
1,lane_to_serdes_map_fabric_lane304,rx100:tx97
1,lane_to_serdes_map_fabric_lane305,rx101:tx98
1,lane_to_serdes_map_fabric_lane306,rx102:tx99
1,lane_to_serdes_map_fabric_lane307,rx103:tx96
1,lane_to_serdes_map_fabric_lane52,rx104:tx109
1,lane_to_serdes_map_fabric_lane53,rx105:tx110
1,lane_to_serdes_map_fabric_lane54,rx106:tx111
1,lane_to_serdes_map_fabric_lane55,rx107:tx108
1,lane_to_serdes_map_fabric_lane308,rx108:tx105
1,lane_to_serdes_map_fabric_lane309,rx109:tx106
1,lane_to_serdes_map_fabric_lane310,rx110:tx107
1,lane_to_serdes_map_fabric_lane311,rx111:tx104
1,lane_to_serdes_map_fabric_lane56,rx112:tx116
1,lane_to_serdes_map_fabric_lane57,rx113:tx117
1,lane_to_serdes_map_fabric_lane58,rx114:tx118
1,lane_to_serdes_map_fabric_lane59,rx115:tx119
1,lane_to_serdes_map_fabric_lane312,rx116:tx112
1,lane_to_serdes_map_fabric_lane313,rx117:tx113
1,lane_to_serdes_map_fabric_lane314,rx118:tx114
1,lane_to_serdes_map_fabric_lane315,rx119:tx115
1,lane_to_serdes_map_fabric_lane60,rx120:tx124
1,lane_to_serdes_map_fabric_lane61,rx121:tx125
1,lane_to_serdes_map_fabric_lane62,rx122:tx126
1,lane_to_serdes_map_fabric_lane63,rx123:tx127
1,lane_to_serdes_map_fabric_lane316,rx124:tx120
1,lane_to_serdes_map_fabric_lane317,rx125:tx121
1,lane_to_serdes_map_fabric_lane318,rx126:tx122
1,lane_to_serdes_map_fabric_lane319,rx127:tx123
1,lane_to_serdes_map_fabric_lane64,rx128:tx133
1,lane_to_serdes_map_fabric_lane65,rx129:tx134
1,lane_to_serdes_map_fabric_lane66,rx130:tx135
1,lane_to_serdes_map_fabric_lane67,rx131:tx132
1,lane_to_serdes_map_fabric_lane320,rx132:tx129
1,lane_to_serdes_map_fabric_lane321,rx133:tx130
1,lane_to_serdes_map_fabric_lane322,rx134:tx131
1,lane_to_serdes_map_fabric_lane323,rx135:tx128
1,lane_to_serdes_map_fabric_lane68,rx136:tx141
1,lane_to_serdes_map_fabric_lane69,rx137:tx142
1,lane_to_serdes_map_fabric_lane70,rx138:tx143
1,lane_to_serdes_map_fabric_lane71,rx139:tx140
1,lane_to_serdes_map_fabric_lane324,rx140:tx137
1,lane_to_serdes_map_fabric_lane325,rx141:tx138
1,lane_to_serdes_map_fabric_lane326,rx142:tx139
1,lane_to_serdes_map_fabric_lane327,rx143:tx136
1,lane_to_serdes_map_fabric_lane72,rx144:tx148
1,lane_to_serdes_map_fabric_lane73,rx145:tx149
1,lane_to_serdes_map_fabric_lane74,rx146:tx150
1,lane_to_serdes_map_fabric_lane75,rx147:tx151
1,lane_to_serdes_map_fabric_lane328,rx148:tx144
1,lane_to_serdes_map_fabric_lane329,rx149:tx145
1,lane_to_serdes_map_fabric_lane330,rx150:tx146
1,lane_to_serdes_map_fabric_lane331,rx151:tx147
1,lane_to_serdes_map_fabric_lane76,rx152:tx156
1,lane_to_serdes_map_fabric_lane77,rx153:tx157
1,lane_to_serdes_map_fabric_lane78,rx154:tx158
1,lane_to_serdes_map_fabric_lane79,rx155:tx159
1,lane_to_serdes_map_fabric_lane332,rx156:tx152
1,lane_to_serdes_map_fabric_lane333,rx157:tx153
1,lane_to_serdes_map_fabric_lane334,rx158:tx154
1,lane_to_serdes_map_fabric_lane335,rx159:tx155
1,lane_to_serdes_map_fabric_lane80,rx160:tx165
1,lane_to_serdes_map_fabric_lane81,rx161:tx166
1,lane_to_serdes_map_fabric_lane82,rx162:tx167
1,lane_to_serdes_map_fabric_lane83,rx163:tx164
1,lane_to_serdes_map_fabric_lane336,rx164:tx161
1,lane_to_serdes_map_fabric_lane337,rx165:tx162
1,lane_to_serdes_map_fabric_lane338,rx166:tx163
1,lane_to_serdes_map_fabric_lane339,rx167:tx160
1,lane_to_serdes_map_fabric_lane84,rx168:tx173
1,lane_to_serdes_map_fabric_lane85,rx169:tx174
1,lane_to_serdes_map_fabric_lane86,rx170:tx175
1,lane_to_serdes_map_fabric_lane87,rx171:tx172
1,lane_to_serdes_map_fabric_lane340,rx172:tx169
1,lane_to_serdes_map_fabric_lane341,rx173:tx170
1,lane_to_serdes_map_fabric_lane342,rx174:tx171
1,lane_to_serdes_map_fabric_lane343,rx175:tx168
1,lane_to_serdes_map_fabric_lane88,rx176:tx180
1,lane_to_serdes_map_fabric_lane89,rx177:tx181
1,lane_to_serdes_map_fabric_lane90,rx178:tx182
1,lane_to_serdes_map_fabric_lane91,rx179:tx183
1,lane_to_serdes_map_fabric_lane344,rx180:tx176
1,lane_to_serdes_map_fabric_lane345,rx181:tx177
1,lane_to_serdes_map_fabric_lane346,rx182:tx178
1,lane_to_serdes_map_fabric_lane347,rx183:tx179
1,lane_to_serdes_map_fabric_lane92,rx184:tx188
1,lane_to_serdes_map_fabric_lane93,rx185:tx189
1,lane_to_serdes_map_fabric_lane94,rx186:tx190
1,lane_to_serdes_map_fabric_lane95,rx187:tx191
1,lane_to_serdes_map_fabric_lane348,rx188:tx184
1,lane_to_serdes_map_fabric_lane349,rx189:tx185
1,lane_to_serdes_map_fabric_lane350,rx190:tx186
1,lane_to_serdes_map_fabric_lane351,rx191:tx187
1,lane_to_serdes_map_fabric_lane96,rx192:tx197
1,lane_to_serdes_map_fabric_lane97,rx193:tx198
1,lane_to_serdes_map_fabric_lane98,rx194:tx199
1,lane_to_serdes_map_fabric_lane99,rx195:tx196
1,lane_to_serdes_map_fabric_lane352,rx196:tx193
1,lane_to_serdes_map_fabric_lane353,rx197:tx194
1,lane_to_serdes_map_fabric_lane354,rx198:tx195
1,lane_to_serdes_map_fabric_lane355,rx199:tx192
1,lane_to_serdes_map_fabric_lane100,rx200:tx205
1,lane_to_serdes_map_fabric_lane101,rx201:tx206
1,lane_to_serdes_map_fabric_lane102,rx202:tx207
1,lane_to_serdes_map_fabric_lane103,rx203:tx204
1,lane_to_serdes_map_fabric_lane356,rx204:tx201
1,lane_to_serdes_map_fabric_lane357,rx205:tx202
1,lane_to_serdes_map_fabric_lane358,rx206:tx203
1,lane_to_serdes_map_fabric_lane359,rx207:tx200
1,lane_to_serdes_map_fabric_lane104,rx208:tx212
1,lane_to_serdes_map_fabric_lane105,rx209:tx213
1,lane_to_serdes_map_fabric_lane106,rx210:tx214
1,lane_to_serdes_map_fabric_lane107,rx211:tx215
1,lane_to_serdes_map_fabric_lane360,rx212:tx208
1,lane_to_serdes_map_fabric_lane361,rx213:tx209
1,lane_to_serdes_map_fabric_lane362,rx214:tx210
1,lane_to_serdes_map_fabric_lane363,rx215:tx211
1,lane_to_serdes_map_fabric_lane108,rx216:tx220
1,lane_to_serdes_map_fabric_lane109,rx217:tx221
1,lane_to_serdes_map_fabric_lane110,rx218:tx222
1,lane_to_serdes_map_fabric_lane111,rx219:tx223
1,lane_to_serdes_map_fabric_lane364,rx220:tx216
1,lane_to_serdes_map_fabric_lane365,rx221:tx217
1,lane_to_serdes_map_fabric_lane366,rx222:tx218
1,lane_to_serdes_map_fabric_lane367,rx223:tx219
1,lane_to_serdes_map_fabric_lane112,rx228:tx229
1,lane_to_serdes_map_fabric_lane113,rx229:tx228
1,lane_to_serdes_map_fabric_lane114,rx226:tx227
1,lane_to_serdes_map_fabric_lane115,rx227:tx226
1,lane_to_serdes_map_fabric_lane368,rx224:tx225
1,lane_to_serdes_map_fabric_lane369,rx225:tx224
1,lane_to_serdes_map_fabric_lane370,rx230:tx231
1,lane_to_serdes_map_fabric_lane371,rx231:tx230
1,lane_to_serdes_map_fabric_lane116,rx232:tx233
1,lane_to_serdes_map_fabric_lane117,rx233:tx232
1,lane_to_serdes_map_fabric_lane118,rx238:tx239
1,lane_to_serdes_map_fabric_lane119,rx239:tx238
1,lane_to_serdes_map_fabric_lane372,rx236:tx237
1,lane_to_serdes_map_fabric_lane373,rx237:tx236
1,lane_to_serdes_map_fabric_lane374,rx234:tx235
1,lane_to_serdes_map_fabric_lane375,rx235:tx234
1,lane_to_serdes_map_fabric_lane120,rx244:tx244
1,lane_to_serdes_map_fabric_lane121,rx245:tx245
1,lane_to_serdes_map_fabric_lane122,rx242:tx242
1,lane_to_serdes_map_fabric_lane123,rx243:tx243
1,lane_to_serdes_map_fabric_lane376,rx240:tx240
1,lane_to_serdes_map_fabric_lane377,rx241:tx241
1,lane_to_serdes_map_fabric_lane378,rx246:tx246
1,lane_to_serdes_map_fabric_lane379,rx247:tx247
1,lane_to_serdes_map_fabric_lane124,rx248:tx248
1,lane_to_serdes_map_fabric_lane125,rx249:tx249
1,lane_to_serdes_map_fabric_lane126,rx254:tx254
1,lane_to_serdes_map_fabric_lane127,rx255:tx255
1,lane_to_serdes_map_fabric_lane380,rx252:tx252
1,lane_to_serdes_map_fabric_lane381,rx253:tx253
1,lane_to_serdes_map_fabric_lane382,rx250:tx250
1,lane_to_serdes_map_fabric_lane383,rx251:tx251
1,lane_to_serdes_map_fabric_lane128,rx260:tx261
1,lane_to_serdes_map_fabric_lane129,rx261:tx260
1,lane_to_serdes_map_fabric_lane130,rx258:tx259
1,lane_to_serdes_map_fabric_lane131,rx259:tx258
1,lane_to_serdes_map_fabric_lane384,rx256:tx257
1,lane_to_serdes_map_fabric_lane385,rx257:tx256
1,lane_to_serdes_map_fabric_lane386,rx262:tx263
1,lane_to_serdes_map_fabric_lane387,rx263:tx262
1,lane_to_serdes_map_fabric_lane132,rx264:tx265
1,lane_to_serdes_map_fabric_lane133,rx265:tx264
1,lane_to_serdes_map_fabric_lane134,rx270:tx271
1,lane_to_serdes_map_fabric_lane135,rx271:tx270
1,lane_to_serdes_map_fabric_lane388,rx268:tx269
1,lane_to_serdes_map_fabric_lane389,rx269:tx268
1,lane_to_serdes_map_fabric_lane390,rx266:tx267
1,lane_to_serdes_map_fabric_lane391,rx267:tx266
1,lane_to_serdes_map_fabric_lane136,rx276:tx276
1,lane_to_serdes_map_fabric_lane137,rx277:tx277
1,lane_to_serdes_map_fabric_lane138,rx274:tx274
1,lane_to_serdes_map_fabric_lane139,rx275:tx275
1,lane_to_serdes_map_fabric_lane392,rx272:tx272
1,lane_to_serdes_map_fabric_lane393,rx273:tx273
1,lane_to_serdes_map_fabric_lane394,rx278:tx278
1,lane_to_serdes_map_fabric_lane395,rx279:tx279
1,lane_to_serdes_map_fabric_lane140,rx280:tx280
1,lane_to_serdes_map_fabric_lane141,rx281:tx281
1,lane_to_serdes_map_fabric_lane142,rx286:tx286
1,lane_to_serdes_map_fabric_lane143,rx287:tx287
1,lane_to_serdes_map_fabric_lane396,rx284:tx284
1,lane_to_serdes_map_fabric_lane397,rx285:tx285
1,lane_to_serdes_map_fabric_lane398,rx282:tx282
1,lane_to_serdes_map_fabric_lane399,rx283:tx283
1,lane_to_serdes_map_fabric_lane144,rx288:tx293
1,lane_to_serdes_map_fabric_lane145,rx289:tx294
1,lane_to_serdes_map_fabric_lane146,rx290:tx295
1,lane_to_serdes_map_fabric_lane147,rx291:tx292
1,lane_to_serdes_map_fabric_lane400,rx292:tx289
1,lane_to_serdes_map_fabric_lane401,rx293:tx290
1,lane_to_serdes_map_fabric_lane402,rx294:tx291
1,lane_to_serdes_map_fabric_lane403,rx295:tx288
1,lane_to_serdes_map_fabric_lane148,rx296:tx301
1,lane_to_serdes_map_fabric_lane149,rx297:tx302
1,lane_to_serdes_map_fabric_lane150,rx298:tx303
1,lane_to_serdes_map_fabric_lane151,rx299:tx300
1,lane_to_serdes_map_fabric_lane404,rx300:tx297
1,lane_to_serdes_map_fabric_lane405,rx301:tx298
1,lane_to_serdes_map_fabric_lane406,rx302:tx299
1,lane_to_serdes_map_fabric_lane407,rx303:tx296
1,lane_to_serdes_map_fabric_lane152,rx304:tx308
1,lane_to_serdes_map_fabric_lane153,rx305:tx309
1,lane_to_serdes_map_fabric_lane154,rx306:tx310
1,lane_to_serdes_map_fabric_lane155,rx307:tx311
1,lane_to_serdes_map_fabric_lane408,rx308:tx304
1,lane_to_serdes_map_fabric_lane409,rx309:tx305
1,lane_to_serdes_map_fabric_lane410,rx310:tx306
1,lane_to_serdes_map_fabric_lane411,rx311:tx307
1,lane_to_serdes_map_fabric_lane156,rx312:tx316
1,lane_to_serdes_map_fabric_lane157,rx313:tx317
1,lane_to_serdes_map_fabric_lane158,rx314:tx318
1,lane_to_serdes_map_fabric_lane159,rx315:tx319
1,lane_to_serdes_map_fabric_lane412,rx316:tx312
1,lane_to_serdes_map_fabric_lane413,rx317:tx313
1,lane_to_serdes_map_fabric_lane414,rx318:tx314
1,lane_to_serdes_map_fabric_lane415,rx319:tx315
1,lane_to_serdes_map_fabric_lane160,rx320:tx325
1,lane_to_serdes_map_fabric_lane161,rx321:tx326
1,lane_to_serdes_map_fabric_lane162,rx322:tx327
1,lane_to_serdes_map_fabric_lane163,rx323:tx324
1,lane_to_serdes_map_fabric_lane416,rx324:tx321
1,lane_to_serdes_map_fabric_lane417,rx325:tx322
1,lane_to_serdes_map_fabric_lane418,rx326:tx323
1,lane_to_serdes_map_fabric_lane419,rx327:tx320
1,lane_to_serdes_map_fabric_lane164,rx328:tx333
1,lane_to_serdes_map_fabric_lane165,rx329:tx334
1,lane_to_serdes_map_fabric_lane166,rx330:tx335
1,lane_to_serdes_map_fabric_lane167,rx331:tx332
1,lane_to_serdes_map_fabric_lane420,rx332:tx329
1,lane_to_serdes_map_fabric_lane421,rx333:tx330
1,lane_to_serdes_map_fabric_lane422,rx334:tx331
1,lane_to_serdes_map_fabric_lane423,rx335:tx328
1,lane_to_serdes_map_fabric_lane168,rx336:tx340
1,lane_to_serdes_map_fabric_lane169,rx337:tx341
1,lane_to_serdes_map_fabric_lane170,rx338:tx342
1,lane_to_serdes_map_fabric_lane171,rx339:tx343
1,lane_to_serdes_map_fabric_lane424,rx340:tx336
1,lane_to_serdes_map_fabric_lane425,rx341:tx337
1,lane_to_serdes_map_fabric_lane426,rx342:tx338
1,lane_to_serdes_map_fabric_lane427,rx343:tx339
1,lane_to_serdes_map_fabric_lane172,rx344:tx348
1,lane_to_serdes_map_fabric_lane173,rx345:tx349
1,lane_to_serdes_map_fabric_lane174,rx346:tx350
1,lane_to_serdes_map_fabric_lane175,rx347:tx351
1,lane_to_serdes_map_fabric_lane428,rx348:tx344
1,lane_to_serdes_map_fabric_lane429,rx349:tx345
1,lane_to_serdes_map_fabric_lane430,rx350:tx346
1,lane_to_serdes_map_fabric_lane431,rx351:tx347
1,lane_to_serdes_map_fabric_lane176,rx352:tx357
1,lane_to_serdes_map_fabric_lane177,rx353:tx358
1,lane_to_serdes_map_fabric_lane178,rx354:tx359
1,lane_to_serdes_map_fabric_lane179,rx355:tx356
1,lane_to_serdes_map_fabric_lane432,rx356:tx353
1,lane_to_serdes_map_fabric_lane433,rx357:tx354
1,lane_to_serdes_map_fabric_lane434,rx358:tx355
1,lane_to_serdes_map_fabric_lane435,rx359:tx352
1,lane_to_serdes_map_fabric_lane180,rx360:tx365
1,lane_to_serdes_map_fabric_lane181,rx361:tx366
1,lane_to_serdes_map_fabric_lane182,rx362:tx367
1,lane_to_serdes_map_fabric_lane183,rx363:tx364
1,lane_to_serdes_map_fabric_lane436,rx364:tx361
1,lane_to_serdes_map_fabric_lane437,rx365:tx362
1,lane_to_serdes_map_fabric_lane438,rx366:tx363
1,lane_to_serdes_map_fabric_lane439,rx367:tx360
1,lane_to_serdes_map_fabric_lane184,rx368:tx372
1,lane_to_serdes_map_fabric_lane185,rx369:tx373
1,lane_to_serdes_map_fabric_lane186,rx370:tx374
1,lane_to_serdes_map_fabric_lane187,rx371:tx375
1,lane_to_serdes_map_fabric_lane440,rx372:tx368
1,lane_to_serdes_map_fabric_lane441,rx373:tx369
1,lane_to_serdes_map_fabric_lane442,rx374:tx370
1,lane_to_serdes_map_fabric_lane443,rx375:tx371
1,lane_to_serdes_map_fabric_lane188,rx376:tx380
1,lane_to_serdes_map_fabric_lane189,rx377:tx381
1,lane_to_serdes_map_fabric_lane190,rx378:tx382
1,lane_to_serdes_map_fabric_lane191,rx379:tx383
1,lane_to_serdes_map_fabric_lane444,rx380:tx376
1,lane_to_serdes_map_fabric_lane445,rx381:tx377
1,lane_to_serdes_map_fabric_lane446,rx382:tx378
1,lane_to_serdes_map_fabric_lane447,rx383:tx379
1,lane_to_serdes_map_fabric_lane192,rx384:tx389
1,lane_to_serdes_map_fabric_lane193,rx385:tx390
1,lane_to_serdes_map_fabric_lane194,rx386:tx391
1,lane_to_serdes_map_fabric_lane195,rx387:tx388
1,lane_to_serdes_map_fabric_lane448,rx388:tx385
1,lane_to_serdes_map_fabric_lane449,rx389:tx386
1,lane_to_serdes_map_fabric_lane450,rx390:tx387
1,lane_to_serdes_map_fabric_lane451,rx391:tx384
1,lane_to_serdes_map_fabric_lane196,rx392:tx397
1,lane_to_serdes_map_fabric_lane197,rx393:tx398
1,lane_to_serdes_map_fabric_lane198,rx394:tx399
1,lane_to_serdes_map_fabric_lane199,rx395:tx396
1,lane_to_serdes_map_fabric_lane452,rx396:tx393
1,lane_to_serdes_map_fabric_lane453,rx397:tx394
1,lane_to_serdes_map_fabric_lane454,rx398:tx395
1,lane_to_serdes_map_fabric_lane455,rx399:tx392
1,lane_to_serdes_map_fabric_lane200,rx400:tx404
1,lane_to_serdes_map_fabric_lane201,rx401:tx405
1,lane_to_serdes_map_fabric_lane202,rx402:tx406
1,lane_to_serdes_map_fabric_lane203,rx403:tx407
1,lane_to_serdes_map_fabric_lane456,rx404:tx400
1,lane_to_serdes_map_fabric_lane457,rx405:tx401
1,lane_to_serdes_map_fabric_lane458,rx406:tx402
1,lane_to_serdes_map_fabric_lane459,rx407:tx403
1,lane_to_serdes_map_fabric_lane204,rx408:tx412
1,lane_to_serdes_map_fabric_lane205,rx409:tx413
1,lane_to_serdes_map_fabric_lane206,rx410:tx414
1,lane_to_serdes_map_fabric_lane207,rx411:tx415
1,lane_to_serdes_map_fabric_lane460,rx412:tx408
1,lane_to_serdes_map_fabric_lane461,rx413:tx409
1,lane_to_serdes_map_fabric_lane462,rx414:tx410
1,lane_to_serdes_map_fabric_lane463,rx415:tx411
1,lane_to_serdes_map_fabric_lane208,rx416:tx421
1,lane_to_serdes_map_fabric_lane209,rx417:tx422
1,lane_to_serdes_map_fabric_lane210,rx418:tx423
1,lane_to_serdes_map_fabric_lane211,rx419:tx420
1,lane_to_serdes_map_fabric_lane464,rx420:tx417
1,lane_to_serdes_map_fabric_lane465,rx421:tx418
1,lane_to_serdes_map_fabric_lane466,rx422:tx419
1,lane_to_serdes_map_fabric_lane467,rx423:tx416
1,lane_to_serdes_map_fabric_lane212,rx424:tx429
1,lane_to_serdes_map_fabric_lane213,rx425:tx430
1,lane_to_serdes_map_fabric_lane214,rx426:tx431
1,lane_to_serdes_map_fabric_lane215,rx427:tx428
1,lane_to_serdes_map_fabric_lane468,rx428:tx425
1,lane_to_serdes_map_fabric_lane469,rx429:tx426
1,lane_to_serdes_map_fabric_lane470,rx430:tx427
1,lane_to_serdes_map_fabric_lane471,rx431:tx424
1,lane_to_serdes_map_fabric_lane216,rx432:tx436
1,lane_to_serdes_map_fabric_lane217,rx433:tx437
1,lane_to_serdes_map_fabric_lane218,rx434:tx438
1,lane_to_serdes_map_fabric_lane219,rx435:tx439
1,lane_to_serdes_map_fabric_lane472,rx436:tx432
1,lane_to_serdes_map_fabric_lane473,rx437:tx433
1,lane_to_serdes_map_fabric_lane474,rx438:tx434
1,lane_to_serdes_map_fabric_lane475,rx439:tx435
1,lane_to_serdes_map_fabric_lane220,rx440:tx444
1,lane_to_serdes_map_fabric_lane221,rx441:tx445
1,lane_to_serdes_map_fabric_lane222,rx442:tx446
1,lane_to_serdes_map_fabric_lane223,rx443:tx447
1,lane_to_serdes_map_fabric_lane476,rx444:tx440
1,lane_to_serdes_map_fabric_lane477,rx445:tx441
1,lane_to_serdes_map_fabric_lane478,rx446:tx442
1,lane_to_serdes_map_fabric_lane479,rx447:tx443
1,lane_to_serdes_map_fabric_lane224,rx448:tx453
1,lane_to_serdes_map_fabric_lane225,rx449:tx454
1,lane_to_serdes_map_fabric_lane226,rx450:tx455
1,lane_to_serdes_map_fabric_lane227,rx451:tx452
1,lane_to_serdes_map_fabric_lane480,rx452:tx449
1,lane_to_serdes_map_fabric_lane481,rx453:tx450
1,lane_to_serdes_map_fabric_lane482,rx454:tx451
1,lane_to_serdes_map_fabric_lane483,rx455:tx448
1,lane_to_serdes_map_fabric_lane228,rx456:tx461
1,lane_to_serdes_map_fabric_lane229,rx457:tx462
1,lane_to_serdes_map_fabric_lane230,rx458:tx463
1,lane_to_serdes_map_fabric_lane231,rx459:tx460
1,lane_to_serdes_map_fabric_lane484,rx460:tx457
1,lane_to_serdes_map_fabric_lane485,rx461:tx458
1,lane_to_serdes_map_fabric_lane486,rx462:tx459
1,lane_to_serdes_map_fabric_lane487,rx463:tx456
1,lane_to_serdes_map_fabric_lane232,rx464:tx468
1,lane_to_serdes_map_fabric_lane233,rx465:tx469
1,lane_to_serdes_map_fabric_lane234,rx466:tx470
1,lane_to_serdes_map_fabric_lane235,rx467:tx471
1,lane_to_serdes_map_fabric_lane488,rx468:tx464
1,lane_to_serdes_map_fabric_lane489,rx469:tx465
1,lane_to_serdes_map_fabric_lane490,rx470:tx466
1,lane_to_serdes_map_fabric_lane491,rx471:tx467
1,lane_to_serdes_map_fabric_lane236,rx476:tx476
1,lane_to_serdes_map_fabric_lane237,rx477:tx477
1,lane_to_serdes_map_fabric_lane238,rx478:tx478
1,lane_to_serdes_map_fabric_lane239,rx479:tx479
1,lane_to_serdes_map_fabric_lane492,rx472:tx472
1,lane_to_serdes_map_fabric_lane493,rx473:tx473
1,lane_to_serdes_map_fabric_lane494,rx474:tx474
1,lane_to_serdes_map_fabric_lane495,rx475:tx475
1,lane_to_serdes_map_fabric_lane240,rx480:tx481
1,lane_to_serdes_map_fabric_lane241,rx481:tx480
1,lane_to_serdes_map_fabric_lane242,rx486:tx487
1,lane_to_serdes_map_fabric_lane243,rx487:tx486
1,lane_to_serdes_map_fabric_lane496,rx484:tx485
1,lane_to_serdes_map_fabric_lane497,rx485:tx484
1,lane_to_serdes_map_fabric_lane498,rx482:tx483
1,lane_to_serdes_map_fabric_lane499,rx483:tx482
1,lane_to_serdes_map_fabric_lane244,rx492:tx493
1,lane_to_serdes_map_fabric_lane245,rx493:tx492
1,lane_to_serdes_map_fabric_lane246,rx490:tx491
1,lane_to_serdes_map_fabric_lane247,rx491:tx490
1,lane_to_serdes_map_fabric_lane500,rx488:tx489
1,lane_to_serdes_map_fabric_lane501,rx489:tx488
1,lane_to_serdes_map_fabric_lane502,rx494:tx495
1,lane_to_serdes_map_fabric_lane503,rx495:tx494
1,lane_to_serdes_map_fabric_lane248,rx496:tx496
1,lane_to_serdes_map_fabric_lane249,rx497:tx497
1,lane_to_serdes_map_fabric_lane250,rx502:tx502
1,lane_to_serdes_map_fabric_lane251,rx503:tx503
1,lane_to_serdes_map_fabric_lane504,rx500:tx500
1,lane_to_serdes_map_fabric_lane505,rx501:tx501
1,lane_to_serdes_map_fabric_lane506,rx498:tx498
1,lane_to_serdes_map_fabric_lane507,rx499:tx499
1,lane_to_serdes_map_fabric_lane252,rx508:tx508
1,lane_to_serdes_map_fabric_lane253,rx509:tx509
1,lane_to_serdes_map_fabric_lane254,rx506:tx506
1,lane_to_serdes_map_fabric_lane255,rx507:tx507
1,lane_to_serdes_map_fabric_lane508,rx504:tx504
1,lane_to_serdes_map_fabric_lane509,rx505:tx505
1,lane_to_serdes_map_fabric_lane510,rx510:tx510
1,lane_to_serdes_map_fabric_lane511,rx511:tx511
0,phy_rx_polarity_flip_fabric0,1
0,phy_rx_polarity_flip_fabric1,0
0,phy_rx_polarity_flip_fabric2,1
0,phy_rx_polarity_flip_fabric3,1
0,phy_rx_polarity_flip_fabric4,0
0,phy_rx_polarity_flip_fabric5,0
0,phy_rx_polarity_flip_fabric6,1
0,phy_rx_polarity_flip_fabric7,1
0,phy_rx_polarity_flip_fabric8,0
0,phy_rx_polarity_flip_fabric9,1
0,phy_rx_polarity_flip_fabric10,0
0,phy_rx_polarity_flip_fabric11,1
0,phy_rx_polarity_flip_fabric12,0
0,phy_rx_polarity_flip_fabric13,1
0,phy_rx_polarity_flip_fabric14,0
0,phy_rx_polarity_flip_fabric15,1
0,phy_rx_polarity_flip_fabric16,0
0,phy_rx_polarity_flip_fabric17,0
0,phy_rx_polarity_flip_fabric18,1
0,phy_rx_polarity_flip_fabric19,1
0,phy_rx_polarity_flip_fabric20,0
0,phy_rx_polarity_flip_fabric21,0
0,phy_rx_polarity_flip_fabric22,1
0,phy_rx_polarity_flip_fabric23,1
0,phy_rx_polarity_flip_fabric24,0
0,phy_rx_polarity_flip_fabric25,1
0,phy_rx_polarity_flip_fabric26,0
0,phy_rx_polarity_flip_fabric27,1
0,phy_rx_polarity_flip_fabric28,0
0,phy_rx_polarity_flip_fabric29,1
0,phy_rx_polarity_flip_fabric30,0
0,phy_rx_polarity_flip_fabric31,1
0,phy_rx_polarity_flip_fabric32,1
0,phy_rx_polarity_flip_fabric33,1
0,phy_rx_polarity_flip_fabric34,1
0,phy_rx_polarity_flip_fabric35,0
0,phy_rx_polarity_flip_fabric36,1
0,phy_rx_polarity_flip_fabric37,0
0,phy_rx_polarity_flip_fabric38,1
0,phy_rx_polarity_flip_fabric39,0
0,phy_rx_polarity_flip_fabric40,1
0,phy_rx_polarity_flip_fabric41,1
0,phy_rx_polarity_flip_fabric42,0
0,phy_rx_polarity_flip_fabric43,0
0,phy_rx_polarity_flip_fabric44,1
0,phy_rx_polarity_flip_fabric45,1
0,phy_rx_polarity_flip_fabric46,1
0,phy_rx_polarity_flip_fabric47,1
0,phy_rx_polarity_flip_fabric48,1
0,phy_rx_polarity_flip_fabric49,1
0,phy_rx_polarity_flip_fabric50,0
0,phy_rx_polarity_flip_fabric51,0
0,phy_rx_polarity_flip_fabric52,1
0,phy_rx_polarity_flip_fabric53,1
0,phy_rx_polarity_flip_fabric54,1
0,phy_rx_polarity_flip_fabric55,1
0,phy_rx_polarity_flip_fabric56,1
0,phy_rx_polarity_flip_fabric57,1
0,phy_rx_polarity_flip_fabric58,0
0,phy_rx_polarity_flip_fabric59,0
0,phy_rx_polarity_flip_fabric60,1
0,phy_rx_polarity_flip_fabric61,1
0,phy_rx_polarity_flip_fabric62,1
0,phy_rx_polarity_flip_fabric63,1
0,phy_rx_polarity_flip_fabric64,1
0,phy_rx_polarity_flip_fabric65,1
0,phy_rx_polarity_flip_fabric66,0
0,phy_rx_polarity_flip_fabric67,0
0,phy_rx_polarity_flip_fabric68,1
0,phy_rx_polarity_flip_fabric69,1
0,phy_rx_polarity_flip_fabric70,1
0,phy_rx_polarity_flip_fabric71,1
0,phy_rx_polarity_flip_fabric72,1
0,phy_rx_polarity_flip_fabric73,1
0,phy_rx_polarity_flip_fabric74,0
0,phy_rx_polarity_flip_fabric75,0
0,phy_rx_polarity_flip_fabric76,1
0,phy_rx_polarity_flip_fabric77,1
0,phy_rx_polarity_flip_fabric78,1
0,phy_rx_polarity_flip_fabric79,1
0,phy_rx_polarity_flip_fabric80,1
0,phy_rx_polarity_flip_fabric81,1
0,phy_rx_polarity_flip_fabric82,0
0,phy_rx_polarity_flip_fabric83,0
0,phy_rx_polarity_flip_fabric84,1
0,phy_rx_polarity_flip_fabric85,1
0,phy_rx_polarity_flip_fabric86,1
0,phy_rx_polarity_flip_fabric87,1
0,phy_rx_polarity_flip_fabric88,1
0,phy_rx_polarity_flip_fabric89,1
0,phy_rx_polarity_flip_fabric90,0
0,phy_rx_polarity_flip_fabric91,0
0,phy_rx_polarity_flip_fabric92,1
0,phy_rx_polarity_flip_fabric93,1
0,phy_rx_polarity_flip_fabric94,1
0,phy_rx_polarity_flip_fabric95,1
0,phy_rx_polarity_flip_fabric96,1
0,phy_rx_polarity_flip_fabric97,1
0,phy_rx_polarity_flip_fabric98,0
0,phy_rx_polarity_flip_fabric99,0
0,phy_rx_polarity_flip_fabric100,1
0,phy_rx_polarity_flip_fabric101,1
0,phy_rx_polarity_flip_fabric102,1
0,phy_rx_polarity_flip_fabric103,1
0,phy_rx_polarity_flip_fabric104,1
0,phy_rx_polarity_flip_fabric105,1
0,phy_rx_polarity_flip_fabric106,0
0,phy_rx_polarity_flip_fabric107,0
0,phy_rx_polarity_flip_fabric108,1
0,phy_rx_polarity_flip_fabric109,1
0,phy_rx_polarity_flip_fabric110,1
0,phy_rx_polarity_flip_fabric111,1
0,phy_rx_polarity_flip_fabric112,1
0,phy_rx_polarity_flip_fabric113,1
0,phy_rx_polarity_flip_fabric114,0
0,phy_rx_polarity_flip_fabric115,0
0,phy_rx_polarity_flip_fabric116,1
0,phy_rx_polarity_flip_fabric117,1
0,phy_rx_polarity_flip_fabric118,1
0,phy_rx_polarity_flip_fabric119,1
0,phy_rx_polarity_flip_fabric120,1
0,phy_rx_polarity_flip_fabric121,1
0,phy_rx_polarity_flip_fabric122,0
0,phy_rx_polarity_flip_fabric123,0
0,phy_rx_polarity_flip_fabric124,1
0,phy_rx_polarity_flip_fabric125,1
0,phy_rx_polarity_flip_fabric126,1
0,phy_rx_polarity_flip_fabric127,1
0,phy_rx_polarity_flip_fabric128,1
0,phy_rx_polarity_flip_fabric129,1
0,phy_rx_polarity_flip_fabric130,1
0,phy_rx_polarity_flip_fabric131,0
0,phy_rx_polarity_flip_fabric132,1
0,phy_rx_polarity_flip_fabric133,0
0,phy_rx_polarity_flip_fabric134,0
0,phy_rx_polarity_flip_fabric135,0
0,phy_rx_polarity_flip_fabric136,1
0,phy_rx_polarity_flip_fabric137,1
0,phy_rx_polarity_flip_fabric138,1
0,phy_rx_polarity_flip_fabric139,0
0,phy_rx_polarity_flip_fabric140,1
0,phy_rx_polarity_flip_fabric141,0
0,phy_rx_polarity_flip_fabric142,0
0,phy_rx_polarity_flip_fabric143,0
0,phy_rx_polarity_flip_fabric144,1
0,phy_rx_polarity_flip_fabric145,1
0,phy_rx_polarity_flip_fabric146,1
0,phy_rx_polarity_flip_fabric147,0
0,phy_rx_polarity_flip_fabric148,1
0,phy_rx_polarity_flip_fabric149,0
0,phy_rx_polarity_flip_fabric150,0
0,phy_rx_polarity_flip_fabric151,0
0,phy_rx_polarity_flip_fabric152,1
0,phy_rx_polarity_flip_fabric153,1
0,phy_rx_polarity_flip_fabric154,1
0,phy_rx_polarity_flip_fabric155,0
0,phy_rx_polarity_flip_fabric156,1
0,phy_rx_polarity_flip_fabric157,0
0,phy_rx_polarity_flip_fabric158,0
0,phy_rx_polarity_flip_fabric159,0
0,phy_rx_polarity_flip_fabric160,1
0,phy_rx_polarity_flip_fabric161,1
0,phy_rx_polarity_flip_fabric162,1
0,phy_rx_polarity_flip_fabric163,0
0,phy_rx_polarity_flip_fabric164,1
0,phy_rx_polarity_flip_fabric165,0
0,phy_rx_polarity_flip_fabric166,0
0,phy_rx_polarity_flip_fabric167,0
0,phy_rx_polarity_flip_fabric168,1
0,phy_rx_polarity_flip_fabric169,1
0,phy_rx_polarity_flip_fabric170,1
0,phy_rx_polarity_flip_fabric171,0
0,phy_rx_polarity_flip_fabric172,1
0,phy_rx_polarity_flip_fabric173,0
0,phy_rx_polarity_flip_fabric174,0
0,phy_rx_polarity_flip_fabric175,0
0,phy_rx_polarity_flip_fabric176,1
0,phy_rx_polarity_flip_fabric177,1
0,phy_rx_polarity_flip_fabric178,1
0,phy_rx_polarity_flip_fabric179,0
0,phy_rx_polarity_flip_fabric180,1
0,phy_rx_polarity_flip_fabric181,0
0,phy_rx_polarity_flip_fabric182,0
0,phy_rx_polarity_flip_fabric183,0
0,phy_rx_polarity_flip_fabric184,1
0,phy_rx_polarity_flip_fabric185,1
0,phy_rx_polarity_flip_fabric186,1
0,phy_rx_polarity_flip_fabric187,0
0,phy_rx_polarity_flip_fabric188,1
0,phy_rx_polarity_flip_fabric189,0
0,phy_rx_polarity_flip_fabric190,0
0,phy_rx_polarity_flip_fabric191,0
0,phy_rx_polarity_flip_fabric192,1
0,phy_rx_polarity_flip_fabric193,1
0,phy_rx_polarity_flip_fabric194,1
0,phy_rx_polarity_flip_fabric195,0
0,phy_rx_polarity_flip_fabric196,1
0,phy_rx_polarity_flip_fabric197,0
0,phy_rx_polarity_flip_fabric198,0
0,phy_rx_polarity_flip_fabric199,0
0,phy_rx_polarity_flip_fabric200,1
0,phy_rx_polarity_flip_fabric201,1
0,phy_rx_polarity_flip_fabric202,1
0,phy_rx_polarity_flip_fabric203,0
0,phy_rx_polarity_flip_fabric204,1
0,phy_rx_polarity_flip_fabric205,0
0,phy_rx_polarity_flip_fabric206,0
0,phy_rx_polarity_flip_fabric207,0
0,phy_rx_polarity_flip_fabric208,1
0,phy_rx_polarity_flip_fabric209,1
0,phy_rx_polarity_flip_fabric210,1
0,phy_rx_polarity_flip_fabric211,0
0,phy_rx_polarity_flip_fabric212,1
0,phy_rx_polarity_flip_fabric213,0
0,phy_rx_polarity_flip_fabric214,0
0,phy_rx_polarity_flip_fabric215,0
0,phy_rx_polarity_flip_fabric216,1
0,phy_rx_polarity_flip_fabric217,1
0,phy_rx_polarity_flip_fabric218,0
0,phy_rx_polarity_flip_fabric219,1
0,phy_rx_polarity_flip_fabric220,0
0,phy_rx_polarity_flip_fabric221,0
0,phy_rx_polarity_flip_fabric222,0
0,phy_rx_polarity_flip_fabric223,1
0,phy_rx_polarity_flip_fabric224,0
0,phy_rx_polarity_flip_fabric225,0
0,phy_rx_polarity_flip_fabric226,0
0,phy_rx_polarity_flip_fabric227,1
0,phy_rx_polarity_flip_fabric228,0
0,phy_rx_polarity_flip_fabric229,0
0,phy_rx_polarity_flip_fabric230,0
0,phy_rx_polarity_flip_fabric231,1
0,phy_rx_polarity_flip_fabric232,0
0,phy_rx_polarity_flip_fabric233,1
0,phy_rx_polarity_flip_fabric234,1
0,phy_rx_polarity_flip_fabric235,0
0,phy_rx_polarity_flip_fabric236,0
0,phy_rx_polarity_flip_fabric237,1
0,phy_rx_polarity_flip_fabric238,1
0,phy_rx_polarity_flip_fabric239,0
0,phy_rx_polarity_flip_fabric240,0
0,phy_rx_polarity_flip_fabric241,0
0,phy_rx_polarity_flip_fabric242,0
0,phy_rx_polarity_flip_fabric243,1
0,phy_rx_polarity_flip_fabric244,0
0,phy_rx_polarity_flip_fabric245,0
0,phy_rx_polarity_flip_fabric246,0
0,phy_rx_polarity_flip_fabric247,1
0,phy_rx_polarity_flip_fabric248,0
0,phy_rx_polarity_flip_fabric249,1
0,phy_rx_polarity_flip_fabric250,1
0,phy_rx_polarity_flip_fabric251,0
0,phy_rx_polarity_flip_fabric252,0
0,phy_rx_polarity_flip_fabric253,1
0,phy_rx_polarity_flip_fabric254,1
0,phy_rx_polarity_flip_fabric255,0
0,phy_rx_polarity_flip_fabric256,1
0,phy_rx_polarity_flip_fabric257,0
0,phy_rx_polarity_flip_fabric258,0
0,phy_rx_polarity_flip_fabric259,1
0,phy_rx_polarity_flip_fabric260,1
0,phy_rx_polarity_flip_fabric261,0
0,phy_rx_polarity_flip_fabric262,0
0,phy_rx_polarity_flip_fabric263,1
0,phy_rx_polarity_flip_fabric264,1
0,phy_rx_polarity_flip_fabric265,1
0,phy_rx_polarity_flip_fabric266,1
0,phy_rx_polarity_flip_fabric267,0
0,phy_rx_polarity_flip_fabric268,1
0,phy_rx_polarity_flip_fabric269,1
0,phy_rx_polarity_flip_fabric270,1
0,phy_rx_polarity_flip_fabric271,0
0,phy_rx_polarity_flip_fabric272,1
0,phy_rx_polarity_flip_fabric273,0
0,phy_rx_polarity_flip_fabric274,0
0,phy_rx_polarity_flip_fabric275,1
0,phy_rx_polarity_flip_fabric276,1
0,phy_rx_polarity_flip_fabric277,0
0,phy_rx_polarity_flip_fabric278,0
0,phy_rx_polarity_flip_fabric279,1
0,phy_rx_polarity_flip_fabric280,1
0,phy_rx_polarity_flip_fabric281,1
0,phy_rx_polarity_flip_fabric282,1
0,phy_rx_polarity_flip_fabric283,0
0,phy_rx_polarity_flip_fabric284,1
0,phy_rx_polarity_flip_fabric285,1
0,phy_rx_polarity_flip_fabric286,1
0,phy_rx_polarity_flip_fabric287,0
0,phy_rx_polarity_flip_fabric288,0
0,phy_rx_polarity_flip_fabric289,0
0,phy_rx_polarity_flip_fabric290,1
0,phy_rx_polarity_flip_fabric291,0
0,phy_rx_polarity_flip_fabric292,1
0,phy_rx_polarity_flip_fabric293,1
0,phy_rx_polarity_flip_fabric294,1
0,phy_rx_polarity_flip_fabric295,0
0,phy_rx_polarity_flip_fabric296,0
0,phy_rx_polarity_flip_fabric297,0
0,phy_rx_polarity_flip_fabric298,0
0,phy_rx_polarity_flip_fabric299,1
0,phy_rx_polarity_flip_fabric300,0
0,phy_rx_polarity_flip_fabric301,1
0,phy_rx_polarity_flip_fabric302,1
0,phy_rx_polarity_flip_fabric303,1
0,phy_rx_polarity_flip_fabric304,0
0,phy_rx_polarity_flip_fabric305,0
0,phy_rx_polarity_flip_fabric306,0
0,phy_rx_polarity_flip_fabric307,1
0,phy_rx_polarity_flip_fabric308,0
0,phy_rx_polarity_flip_fabric309,1
0,phy_rx_polarity_flip_fabric310,1
0,phy_rx_polarity_flip_fabric311,1
0,phy_rx_polarity_flip_fabric312,0
0,phy_rx_polarity_flip_fabric313,0
0,phy_rx_polarity_flip_fabric314,0
0,phy_rx_polarity_flip_fabric315,1
0,phy_rx_polarity_flip_fabric316,0
0,phy_rx_polarity_flip_fabric317,1
0,phy_rx_polarity_flip_fabric318,1
0,phy_rx_polarity_flip_fabric319,1
0,phy_rx_polarity_flip_fabric320,0
0,phy_rx_polarity_flip_fabric321,0
0,phy_rx_polarity_flip_fabric322,0
0,phy_rx_polarity_flip_fabric323,1
0,phy_rx_polarity_flip_fabric324,0
0,phy_rx_polarity_flip_fabric325,1
0,phy_rx_polarity_flip_fabric326,1
0,phy_rx_polarity_flip_fabric327,1
0,phy_rx_polarity_flip_fabric328,0
0,phy_rx_polarity_flip_fabric329,0
0,phy_rx_polarity_flip_fabric330,0
0,phy_rx_polarity_flip_fabric331,1
0,phy_rx_polarity_flip_fabric332,0
0,phy_rx_polarity_flip_fabric333,1
0,phy_rx_polarity_flip_fabric334,1
0,phy_rx_polarity_flip_fabric335,1
0,phy_rx_polarity_flip_fabric336,0
0,phy_rx_polarity_flip_fabric337,0
0,phy_rx_polarity_flip_fabric338,0
0,phy_rx_polarity_flip_fabric339,1
0,phy_rx_polarity_flip_fabric340,0
0,phy_rx_polarity_flip_fabric341,1
0,phy_rx_polarity_flip_fabric342,1
0,phy_rx_polarity_flip_fabric343,1
0,phy_rx_polarity_flip_fabric344,0
0,phy_rx_polarity_flip_fabric345,0
0,phy_rx_polarity_flip_fabric346,0
0,phy_rx_polarity_flip_fabric347,1
0,phy_rx_polarity_flip_fabric348,0
0,phy_rx_polarity_flip_fabric349,1
0,phy_rx_polarity_flip_fabric350,1
0,phy_rx_polarity_flip_fabric351,1
0,phy_rx_polarity_flip_fabric352,0
0,phy_rx_polarity_flip_fabric353,0
0,phy_rx_polarity_flip_fabric354,0
0,phy_rx_polarity_flip_fabric355,1
0,phy_rx_polarity_flip_fabric356,0
0,phy_rx_polarity_flip_fabric357,1
0,phy_rx_polarity_flip_fabric358,1
0,phy_rx_polarity_flip_fabric359,1
0,phy_rx_polarity_flip_fabric360,0
0,phy_rx_polarity_flip_fabric361,0
0,phy_rx_polarity_flip_fabric362,0
0,phy_rx_polarity_flip_fabric363,1
0,phy_rx_polarity_flip_fabric364,0
0,phy_rx_polarity_flip_fabric365,1
0,phy_rx_polarity_flip_fabric366,1
0,phy_rx_polarity_flip_fabric367,1
0,phy_rx_polarity_flip_fabric368,0
0,phy_rx_polarity_flip_fabric369,0
0,phy_rx_polarity_flip_fabric370,0
0,phy_rx_polarity_flip_fabric371,1
0,phy_rx_polarity_flip_fabric372,0
0,phy_rx_polarity_flip_fabric373,1
0,phy_rx_polarity_flip_fabric374,1
0,phy_rx_polarity_flip_fabric375,1
0,phy_rx_polarity_flip_fabric376,0
0,phy_rx_polarity_flip_fabric377,0
0,phy_rx_polarity_flip_fabric378,0
0,phy_rx_polarity_flip_fabric379,1
0,phy_rx_polarity_flip_fabric380,0
0,phy_rx_polarity_flip_fabric381,1
0,phy_rx_polarity_flip_fabric382,1
0,phy_rx_polarity_flip_fabric383,1
0,phy_rx_polarity_flip_fabric384,0
0,phy_rx_polarity_flip_fabric385,0
0,phy_rx_polarity_flip_fabric386,1
0,phy_rx_polarity_flip_fabric387,1
0,phy_rx_polarity_flip_fabric388,0
0,phy_rx_polarity_flip_fabric389,0
0,phy_rx_polarity_flip_fabric390,0
0,phy_rx_polarity_flip_fabric391,0
0,phy_rx_polarity_flip_fabric392,0
0,phy_rx_polarity_flip_fabric393,0
0,phy_rx_polarity_flip_fabric394,1
0,phy_rx_polarity_flip_fabric395,1
0,phy_rx_polarity_flip_fabric396,0
0,phy_rx_polarity_flip_fabric397,0
0,phy_rx_polarity_flip_fabric398,0
0,phy_rx_polarity_flip_fabric399,0
0,phy_rx_polarity_flip_fabric400,0
0,phy_rx_polarity_flip_fabric401,0
0,phy_rx_polarity_flip_fabric402,1
0,phy_rx_polarity_flip_fabric403,1
0,phy_rx_polarity_flip_fabric404,0
0,phy_rx_polarity_flip_fabric405,0
0,phy_rx_polarity_flip_fabric406,0
0,phy_rx_polarity_flip_fabric407,0
0,phy_rx_polarity_flip_fabric408,0
0,phy_rx_polarity_flip_fabric409,0
0,phy_rx_polarity_flip_fabric410,1
0,phy_rx_polarity_flip_fabric411,1
0,phy_rx_polarity_flip_fabric412,0
0,phy_rx_polarity_flip_fabric413,0
0,phy_rx_polarity_flip_fabric414,0
0,phy_rx_polarity_flip_fabric415,0
0,phy_rx_polarity_flip_fabric416,0
0,phy_rx_polarity_flip_fabric417,0
0,phy_rx_polarity_flip_fabric418,1
0,phy_rx_polarity_flip_fabric419,1
0,phy_rx_polarity_flip_fabric420,0
0,phy_rx_polarity_flip_fabric421,0
0,phy_rx_polarity_flip_fabric422,0
0,phy_rx_polarity_flip_fabric423,0
0,phy_rx_polarity_flip_fabric424,0
0,phy_rx_polarity_flip_fabric425,0
0,phy_rx_polarity_flip_fabric426,1
0,phy_rx_polarity_flip_fabric427,1
0,phy_rx_polarity_flip_fabric428,0
0,phy_rx_polarity_flip_fabric429,0
0,phy_rx_polarity_flip_fabric430,0
0,phy_rx_polarity_flip_fabric431,0
0,phy_rx_polarity_flip_fabric432,0
0,phy_rx_polarity_flip_fabric433,0
0,phy_rx_polarity_flip_fabric434,1
0,phy_rx_polarity_flip_fabric435,1
0,phy_rx_polarity_flip_fabric436,0
0,phy_rx_polarity_flip_fabric437,0
0,phy_rx_polarity_flip_fabric438,0
0,phy_rx_polarity_flip_fabric439,0
0,phy_rx_polarity_flip_fabric440,0
0,phy_rx_polarity_flip_fabric441,0
0,phy_rx_polarity_flip_fabric442,1
0,phy_rx_polarity_flip_fabric443,1
0,phy_rx_polarity_flip_fabric444,0
0,phy_rx_polarity_flip_fabric445,0
0,phy_rx_polarity_flip_fabric446,0
0,phy_rx_polarity_flip_fabric447,0
0,phy_rx_polarity_flip_fabric448,0
0,phy_rx_polarity_flip_fabric449,0
0,phy_rx_polarity_flip_fabric450,1
0,phy_rx_polarity_flip_fabric451,1
0,phy_rx_polarity_flip_fabric452,0
0,phy_rx_polarity_flip_fabric453,0
0,phy_rx_polarity_flip_fabric454,0
0,phy_rx_polarity_flip_fabric455,0
0,phy_rx_polarity_flip_fabric456,0
0,phy_rx_polarity_flip_fabric457,0
0,phy_rx_polarity_flip_fabric458,1
0,phy_rx_polarity_flip_fabric459,1
0,phy_rx_polarity_flip_fabric460,0
0,phy_rx_polarity_flip_fabric461,0
0,phy_rx_polarity_flip_fabric462,0
0,phy_rx_polarity_flip_fabric463,0
0,phy_rx_polarity_flip_fabric464,0
0,phy_rx_polarity_flip_fabric465,0
0,phy_rx_polarity_flip_fabric466,0
0,phy_rx_polarity_flip_fabric467,0
0,phy_rx_polarity_flip_fabric468,0
0,phy_rx_polarity_flip_fabric469,0
0,phy_rx_polarity_flip_fabric470,1
0,phy_rx_polarity_flip_fabric471,1
0,phy_rx_polarity_flip_fabric472,0
0,phy_rx_polarity_flip_fabric473,1
0,phy_rx_polarity_flip_fabric474,0
0,phy_rx_polarity_flip_fabric475,1
0,phy_rx_polarity_flip_fabric476,0
0,phy_rx_polarity_flip_fabric477,0
0,phy_rx_polarity_flip_fabric478,0
0,phy_rx_polarity_flip_fabric479,1
0,phy_rx_polarity_flip_fabric480,1
0,phy_rx_polarity_flip_fabric481,0
0,phy_rx_polarity_flip_fabric482,1
0,phy_rx_polarity_flip_fabric483,0
0,phy_rx_polarity_flip_fabric484,1
0,phy_rx_polarity_flip_fabric485,0
0,phy_rx_polarity_flip_fabric486,1
0,phy_rx_polarity_flip_fabric487,0
0,phy_rx_polarity_flip_fabric488,1
0,phy_rx_polarity_flip_fabric489,1
0,phy_rx_polarity_flip_fabric490,0
0,phy_rx_polarity_flip_fabric491,0
0,phy_rx_polarity_flip_fabric492,1
0,phy_rx_polarity_flip_fabric493,1
0,phy_rx_polarity_flip_fabric494,0
0,phy_rx_polarity_flip_fabric495,0
0,phy_rx_polarity_flip_fabric496,1
0,phy_rx_polarity_flip_fabric497,0
0,phy_rx_polarity_flip_fabric498,1
0,phy_rx_polarity_flip_fabric499,0
0,phy_rx_polarity_flip_fabric500,1
0,phy_rx_polarity_flip_fabric501,0
0,phy_rx_polarity_flip_fabric502,1
0,phy_rx_polarity_flip_fabric503,0
0,phy_rx_polarity_flip_fabric504,0
0,phy_rx_polarity_flip_fabric505,1
0,phy_rx_polarity_flip_fabric506,0
0,phy_rx_polarity_flip_fabric507,0
0,phy_rx_polarity_flip_fabric508,1
0,phy_rx_polarity_flip_fabric509,1
0,phy_rx_polarity_flip_fabric510,0
0,phy_rx_polarity_flip_fabric511,0
0,phy_tx_polarity_flip_fabric0,0
0,phy_tx_polarity_flip_fabric1,1
0,phy_tx_polarity_flip_fabric2,0
0,phy_tx_polarity_flip_fabric3,1
0,phy_tx_polarity_flip_fabric4,0
0,phy_tx_polarity_flip_fabric5,1
0,phy_tx_polarity_flip_fabric6,0
0,phy_tx_polarity_flip_fabric7,1
0,phy_tx_polarity_flip_fabric8,0
0,phy_tx_polarity_flip_fabric9,1
0,phy_tx_polarity_flip_fabric10,1
0,phy_tx_polarity_flip_fabric11,0
0,phy_tx_polarity_flip_fabric12,0
0,phy_tx_polarity_flip_fabric13,1
0,phy_tx_polarity_flip_fabric14,1
0,phy_tx_polarity_flip_fabric15,0
0,phy_tx_polarity_flip_fabric16,1
0,phy_tx_polarity_flip_fabric17,0
0,phy_tx_polarity_flip_fabric18,1
0,phy_tx_polarity_flip_fabric19,0
0,phy_tx_polarity_flip_fabric20,1
0,phy_tx_polarity_flip_fabric21,0
0,phy_tx_polarity_flip_fabric22,1
0,phy_tx_polarity_flip_fabric23,0
0,phy_tx_polarity_flip_fabric24,1
0,phy_tx_polarity_flip_fabric25,0
0,phy_tx_polarity_flip_fabric26,0
0,phy_tx_polarity_flip_fabric27,1
0,phy_tx_polarity_flip_fabric28,1
0,phy_tx_polarity_flip_fabric29,0
0,phy_tx_polarity_flip_fabric30,0
0,phy_tx_polarity_flip_fabric31,1
0,phy_tx_polarity_flip_fabric32,1
0,phy_tx_polarity_flip_fabric33,1
0,phy_tx_polarity_flip_fabric34,1
0,phy_tx_polarity_flip_fabric35,1
0,phy_tx_polarity_flip_fabric36,0
0,phy_tx_polarity_flip_fabric37,0
0,phy_tx_polarity_flip_fabric38,1
0,phy_tx_polarity_flip_fabric39,1
0,phy_tx_polarity_flip_fabric40,1
0,phy_tx_polarity_flip_fabric41,0
0,phy_tx_polarity_flip_fabric42,1
0,phy_tx_polarity_flip_fabric43,0
0,phy_tx_polarity_flip_fabric44,0
0,phy_tx_polarity_flip_fabric45,0
0,phy_tx_polarity_flip_fabric46,0
0,phy_tx_polarity_flip_fabric47,1
0,phy_tx_polarity_flip_fabric48,0
0,phy_tx_polarity_flip_fabric49,1
0,phy_tx_polarity_flip_fabric50,0
0,phy_tx_polarity_flip_fabric51,1
0,phy_tx_polarity_flip_fabric52,1
0,phy_tx_polarity_flip_fabric53,0
0,phy_tx_polarity_flip_fabric54,1
0,phy_tx_polarity_flip_fabric55,0
0,phy_tx_polarity_flip_fabric56,0
0,phy_tx_polarity_flip_fabric57,1
0,phy_tx_polarity_flip_fabric58,0
0,phy_tx_polarity_flip_fabric59,1
0,phy_tx_polarity_flip_fabric60,1
0,phy_tx_polarity_flip_fabric61,0
0,phy_tx_polarity_flip_fabric62,1
0,phy_tx_polarity_flip_fabric63,0
0,phy_tx_polarity_flip_fabric64,1
0,phy_tx_polarity_flip_fabric65,0
0,phy_tx_polarity_flip_fabric66,1
0,phy_tx_polarity_flip_fabric67,0
0,phy_tx_polarity_flip_fabric68,0
0,phy_tx_polarity_flip_fabric69,1
0,phy_tx_polarity_flip_fabric70,0
0,phy_tx_polarity_flip_fabric71,1
0,phy_tx_polarity_flip_fabric72,1
0,phy_tx_polarity_flip_fabric73,0
0,phy_tx_polarity_flip_fabric74,1
0,phy_tx_polarity_flip_fabric75,0
0,phy_tx_polarity_flip_fabric76,0
0,phy_tx_polarity_flip_fabric77,1
0,phy_tx_polarity_flip_fabric78,0
0,phy_tx_polarity_flip_fabric79,1
0,phy_tx_polarity_flip_fabric80,0
0,phy_tx_polarity_flip_fabric81,1
0,phy_tx_polarity_flip_fabric82,0
0,phy_tx_polarity_flip_fabric83,1
0,phy_tx_polarity_flip_fabric84,1
0,phy_tx_polarity_flip_fabric85,0
0,phy_tx_polarity_flip_fabric86,1
0,phy_tx_polarity_flip_fabric87,0
0,phy_tx_polarity_flip_fabric88,0
0,phy_tx_polarity_flip_fabric89,1
0,phy_tx_polarity_flip_fabric90,0
0,phy_tx_polarity_flip_fabric91,1
0,phy_tx_polarity_flip_fabric92,1
0,phy_tx_polarity_flip_fabric93,0
0,phy_tx_polarity_flip_fabric94,1
0,phy_tx_polarity_flip_fabric95,0
0,phy_tx_polarity_flip_fabric96,1
0,phy_tx_polarity_flip_fabric97,0
0,phy_tx_polarity_flip_fabric98,1
0,phy_tx_polarity_flip_fabric99,0
0,phy_tx_polarity_flip_fabric100,0
0,phy_tx_polarity_flip_fabric101,1
0,phy_tx_polarity_flip_fabric102,0
0,phy_tx_polarity_flip_fabric103,1
0,phy_tx_polarity_flip_fabric104,1
0,phy_tx_polarity_flip_fabric105,0
0,phy_tx_polarity_flip_fabric106,1
0,phy_tx_polarity_flip_fabric107,0
0,phy_tx_polarity_flip_fabric108,0
0,phy_tx_polarity_flip_fabric109,1
0,phy_tx_polarity_flip_fabric110,0
0,phy_tx_polarity_flip_fabric111,1
0,phy_tx_polarity_flip_fabric112,0
0,phy_tx_polarity_flip_fabric113,1
0,phy_tx_polarity_flip_fabric114,0
0,phy_tx_polarity_flip_fabric115,1
0,phy_tx_polarity_flip_fabric116,1
0,phy_tx_polarity_flip_fabric117,0
0,phy_tx_polarity_flip_fabric118,1
0,phy_tx_polarity_flip_fabric119,0
0,phy_tx_polarity_flip_fabric120,0
0,phy_tx_polarity_flip_fabric121,1
0,phy_tx_polarity_flip_fabric122,0
0,phy_tx_polarity_flip_fabric123,1
0,phy_tx_polarity_flip_fabric124,1
0,phy_tx_polarity_flip_fabric125,0
0,phy_tx_polarity_flip_fabric126,1
0,phy_tx_polarity_flip_fabric127,0
0,phy_tx_polarity_flip_fabric128,1
0,phy_tx_polarity_flip_fabric129,1
0,phy_tx_polarity_flip_fabric130,0
0,phy_tx_polarity_flip_fabric131,0
0,phy_tx_polarity_flip_fabric132,0
0,phy_tx_polarity_flip_fabric133,0
0,phy_tx_polarity_flip_fabric134,1
0,phy_tx_polarity_flip_fabric135,0
0,phy_tx_polarity_flip_fabric136,1
0,phy_tx_polarity_flip_fabric137,1
0,phy_tx_polarity_flip_fabric138,0
0,phy_tx_polarity_flip_fabric139,0
0,phy_tx_polarity_flip_fabric140,0
0,phy_tx_polarity_flip_fabric141,0
0,phy_tx_polarity_flip_fabric142,1
0,phy_tx_polarity_flip_fabric143,0
0,phy_tx_polarity_flip_fabric144,1
0,phy_tx_polarity_flip_fabric145,0
0,phy_tx_polarity_flip_fabric146,0
0,phy_tx_polarity_flip_fabric147,1
0,phy_tx_polarity_flip_fabric148,0
0,phy_tx_polarity_flip_fabric149,1
0,phy_tx_polarity_flip_fabric150,0
0,phy_tx_polarity_flip_fabric151,0
0,phy_tx_polarity_flip_fabric152,1
0,phy_tx_polarity_flip_fabric153,0
0,phy_tx_polarity_flip_fabric154,0
0,phy_tx_polarity_flip_fabric155,1
0,phy_tx_polarity_flip_fabric156,0
0,phy_tx_polarity_flip_fabric157,1
0,phy_tx_polarity_flip_fabric158,0
0,phy_tx_polarity_flip_fabric159,0
0,phy_tx_polarity_flip_fabric160,1
0,phy_tx_polarity_flip_fabric161,1
0,phy_tx_polarity_flip_fabric162,0
0,phy_tx_polarity_flip_fabric163,0
0,phy_tx_polarity_flip_fabric164,0
0,phy_tx_polarity_flip_fabric165,0
0,phy_tx_polarity_flip_fabric166,1
0,phy_tx_polarity_flip_fabric167,0
0,phy_tx_polarity_flip_fabric168,1
0,phy_tx_polarity_flip_fabric169,1
0,phy_tx_polarity_flip_fabric170,0
0,phy_tx_polarity_flip_fabric171,0
0,phy_tx_polarity_flip_fabric172,0
0,phy_tx_polarity_flip_fabric173,0
0,phy_tx_polarity_flip_fabric174,1
0,phy_tx_polarity_flip_fabric175,0
0,phy_tx_polarity_flip_fabric176,1
0,phy_tx_polarity_flip_fabric177,0
0,phy_tx_polarity_flip_fabric178,0
0,phy_tx_polarity_flip_fabric179,1
0,phy_tx_polarity_flip_fabric180,0
0,phy_tx_polarity_flip_fabric181,1
0,phy_tx_polarity_flip_fabric182,0
0,phy_tx_polarity_flip_fabric183,0
0,phy_tx_polarity_flip_fabric184,1
0,phy_tx_polarity_flip_fabric185,0
0,phy_tx_polarity_flip_fabric186,0
0,phy_tx_polarity_flip_fabric187,1
0,phy_tx_polarity_flip_fabric188,0
0,phy_tx_polarity_flip_fabric189,1
0,phy_tx_polarity_flip_fabric190,0
0,phy_tx_polarity_flip_fabric191,0
0,phy_tx_polarity_flip_fabric192,1
0,phy_tx_polarity_flip_fabric193,1
0,phy_tx_polarity_flip_fabric194,0
0,phy_tx_polarity_flip_fabric195,0
0,phy_tx_polarity_flip_fabric196,0
0,phy_tx_polarity_flip_fabric197,0
0,phy_tx_polarity_flip_fabric198,1
0,phy_tx_polarity_flip_fabric199,0
0,phy_tx_polarity_flip_fabric200,1
0,phy_tx_polarity_flip_fabric201,1
0,phy_tx_polarity_flip_fabric202,0
0,phy_tx_polarity_flip_fabric203,0
0,phy_tx_polarity_flip_fabric204,0
0,phy_tx_polarity_flip_fabric205,0
0,phy_tx_polarity_flip_fabric206,1
0,phy_tx_polarity_flip_fabric207,0
0,phy_tx_polarity_flip_fabric208,1
0,phy_tx_polarity_flip_fabric209,0
0,phy_tx_polarity_flip_fabric210,0
0,phy_tx_polarity_flip_fabric211,1
0,phy_tx_polarity_flip_fabric212,1
0,phy_tx_polarity_flip_fabric213,1
0,phy_tx_polarity_flip_fabric214,0
0,phy_tx_polarity_flip_fabric215,0
0,phy_tx_polarity_flip_fabric216,0
0,phy_tx_polarity_flip_fabric217,0
0,phy_tx_polarity_flip_fabric218,1
0,phy_tx_polarity_flip_fabric219,0
0,phy_tx_polarity_flip_fabric220,1
0,phy_tx_polarity_flip_fabric221,0
0,phy_tx_polarity_flip_fabric222,1
0,phy_tx_polarity_flip_fabric223,1
0,phy_tx_polarity_flip_fabric224,1
0,phy_tx_polarity_flip_fabric225,0
0,phy_tx_polarity_flip_fabric226,0
0,phy_tx_polarity_flip_fabric227,1
0,phy_tx_polarity_flip_fabric228,1
0,phy_tx_polarity_flip_fabric229,0
0,phy_tx_polarity_flip_fabric230,0
0,phy_tx_polarity_flip_fabric231,1
0,phy_tx_polarity_flip_fabric232,0
0,phy_tx_polarity_flip_fabric233,0
0,phy_tx_polarity_flip_fabric234,0
0,phy_tx_polarity_flip_fabric235,0
0,phy_tx_polarity_flip_fabric236,0
0,phy_tx_polarity_flip_fabric237,0
0,phy_tx_polarity_flip_fabric238,0
0,phy_tx_polarity_flip_fabric239,0
0,phy_tx_polarity_flip_fabric240,0
0,phy_tx_polarity_flip_fabric241,1
0,phy_tx_polarity_flip_fabric242,1
0,phy_tx_polarity_flip_fabric243,0
0,phy_tx_polarity_flip_fabric244,0
0,phy_tx_polarity_flip_fabric245,1
0,phy_tx_polarity_flip_fabric246,1
0,phy_tx_polarity_flip_fabric247,0
0,phy_tx_polarity_flip_fabric248,0
0,phy_tx_polarity_flip_fabric249,0
0,phy_tx_polarity_flip_fabric250,0
0,phy_tx_polarity_flip_fabric251,0
0,phy_tx_polarity_flip_fabric252,0
0,phy_tx_polarity_flip_fabric253,0
0,phy_tx_polarity_flip_fabric254,0
0,phy_tx_polarity_flip_fabric255,0
0,phy_tx_polarity_flip_fabric256,1
0,phy_tx_polarity_flip_fabric257,1
0,phy_tx_polarity_flip_fabric258,1
0,phy_tx_polarity_flip_fabric259,1
0,phy_tx_polarity_flip_fabric260,1
0,phy_tx_polarity_flip_fabric261,1
0,phy_tx_polarity_flip_fabric262,1
0,phy_tx_polarity_flip_fabric263,1
0,phy_tx_polarity_flip_fabric264,0
0,phy_tx_polarity_flip_fabric265,1
0,phy_tx_polarity_flip_fabric266,1
0,phy_tx_polarity_flip_fabric267,0
0,phy_tx_polarity_flip_fabric268,0
0,phy_tx_polarity_flip_fabric269,1
0,phy_tx_polarity_flip_fabric270,1
0,phy_tx_polarity_flip_fabric271,0
0,phy_tx_polarity_flip_fabric272,1
0,phy_tx_polarity_flip_fabric273,1
0,phy_tx_polarity_flip_fabric274,1
0,phy_tx_polarity_flip_fabric275,1
0,phy_tx_polarity_flip_fabric276,1
0,phy_tx_polarity_flip_fabric277,1
0,phy_tx_polarity_flip_fabric278,1
0,phy_tx_polarity_flip_fabric279,1
0,phy_tx_polarity_flip_fabric280,1
0,phy_tx_polarity_flip_fabric281,0
0,phy_tx_polarity_flip_fabric282,0
0,phy_tx_polarity_flip_fabric283,1
0,phy_tx_polarity_flip_fabric284,1
0,phy_tx_polarity_flip_fabric285,0
0,phy_tx_polarity_flip_fabric286,0
0,phy_tx_polarity_flip_fabric287,1
0,phy_tx_polarity_flip_fabric288,1
0,phy_tx_polarity_flip_fabric289,1
0,phy_tx_polarity_flip_fabric290,1
0,phy_tx_polarity_flip_fabric291,0
0,phy_tx_polarity_flip_fabric292,0
0,phy_tx_polarity_flip_fabric293,0
0,phy_tx_polarity_flip_fabric294,1
0,phy_tx_polarity_flip_fabric295,0
0,phy_tx_polarity_flip_fabric296,0
0,phy_tx_polarity_flip_fabric297,0
0,phy_tx_polarity_flip_fabric298,1
0,phy_tx_polarity_flip_fabric299,1
0,phy_tx_polarity_flip_fabric300,1
0,phy_tx_polarity_flip_fabric301,0
0,phy_tx_polarity_flip_fabric302,0
0,phy_tx_polarity_flip_fabric303,1
0,phy_tx_polarity_flip_fabric304,0
0,phy_tx_polarity_flip_fabric305,1
0,phy_tx_polarity_flip_fabric306,1
0,phy_tx_polarity_flip_fabric307,0
0,phy_tx_polarity_flip_fabric308,1
0,phy_tx_polarity_flip_fabric309,0
0,phy_tx_polarity_flip_fabric310,1
0,phy_tx_polarity_flip_fabric311,1
0,phy_tx_polarity_flip_fabric312,0
0,phy_tx_polarity_flip_fabric313,1
0,phy_tx_polarity_flip_fabric314,1
0,phy_tx_polarity_flip_fabric315,0
0,phy_tx_polarity_flip_fabric316,1
0,phy_tx_polarity_flip_fabric317,0
0,phy_tx_polarity_flip_fabric318,1
0,phy_tx_polarity_flip_fabric319,1
0,phy_tx_polarity_flip_fabric320,0
0,phy_tx_polarity_flip_fabric321,0
0,phy_tx_polarity_flip_fabric322,1
0,phy_tx_polarity_flip_fabric323,1
0,phy_tx_polarity_flip_fabric324,1
0,phy_tx_polarity_flip_fabric325,1
0,phy_tx_polarity_flip_fabric326,0
0,phy_tx_polarity_flip_fabric327,1
0,phy_tx_polarity_flip_fabric328,0
0,phy_tx_polarity_flip_fabric329,0
0,phy_tx_polarity_flip_fabric330,1
0,phy_tx_polarity_flip_fabric331,1
0,phy_tx_polarity_flip_fabric332,1
0,phy_tx_polarity_flip_fabric333,1
0,phy_tx_polarity_flip_fabric334,0
0,phy_tx_polarity_flip_fabric335,1
0,phy_tx_polarity_flip_fabric336,0
0,phy_tx_polarity_flip_fabric337,1
0,phy_tx_polarity_flip_fabric338,1
0,phy_tx_polarity_flip_fabric339,0
0,phy_tx_polarity_flip_fabric340,1
0,phy_tx_polarity_flip_fabric341,0
0,phy_tx_polarity_flip_fabric342,1
0,phy_tx_polarity_flip_fabric343,1
0,phy_tx_polarity_flip_fabric344,0
0,phy_tx_polarity_flip_fabric345,1
0,phy_tx_polarity_flip_fabric346,1
0,phy_tx_polarity_flip_fabric347,0
0,phy_tx_polarity_flip_fabric348,1
0,phy_tx_polarity_flip_fabric349,0
0,phy_tx_polarity_flip_fabric350,1
0,phy_tx_polarity_flip_fabric351,1
0,phy_tx_polarity_flip_fabric352,0
0,phy_tx_polarity_flip_fabric353,0
0,phy_tx_polarity_flip_fabric354,1
0,phy_tx_polarity_flip_fabric355,1
0,phy_tx_polarity_flip_fabric356,1
0,phy_tx_polarity_flip_fabric357,1
0,phy_tx_polarity_flip_fabric358,0
0,phy_tx_polarity_flip_fabric359,1
0,phy_tx_polarity_flip_fabric360,0
0,phy_tx_polarity_flip_fabric361,0
0,phy_tx_polarity_flip_fabric362,1
0,phy_tx_polarity_flip_fabric363,1
0,phy_tx_polarity_flip_fabric364,1
0,phy_tx_polarity_flip_fabric365,1
0,phy_tx_polarity_flip_fabric366,0
0,phy_tx_polarity_flip_fabric367,1
0,phy_tx_polarity_flip_fabric368,0
0,phy_tx_polarity_flip_fabric369,1
0,phy_tx_polarity_flip_fabric370,1
0,phy_tx_polarity_flip_fabric371,0
0,phy_tx_polarity_flip_fabric372,1
0,phy_tx_polarity_flip_fabric373,0
0,phy_tx_polarity_flip_fabric374,1
0,phy_tx_polarity_flip_fabric375,1
0,phy_tx_polarity_flip_fabric376,0
0,phy_tx_polarity_flip_fabric377,1
0,phy_tx_polarity_flip_fabric378,1
0,phy_tx_polarity_flip_fabric379,0
0,phy_tx_polarity_flip_fabric380,1
0,phy_tx_polarity_flip_fabric381,0
0,phy_tx_polarity_flip_fabric382,1
0,phy_tx_polarity_flip_fabric383,1
0,phy_tx_polarity_flip_fabric384,0
0,phy_tx_polarity_flip_fabric385,1
0,phy_tx_polarity_flip_fabric386,0
0,phy_tx_polarity_flip_fabric387,1
0,phy_tx_polarity_flip_fabric388,1
0,phy_tx_polarity_flip_fabric389,0
0,phy_tx_polarity_flip_fabric390,1
0,phy_tx_polarity_flip_fabric391,0
0,phy_tx_polarity_flip_fabric392,0
0,phy_tx_polarity_flip_fabric393,1
0,phy_tx_polarity_flip_fabric394,0
0,phy_tx_polarity_flip_fabric395,1
0,phy_tx_polarity_flip_fabric396,1
0,phy_tx_polarity_flip_fabric397,0
0,phy_tx_polarity_flip_fabric398,1
0,phy_tx_polarity_flip_fabric399,0
0,phy_tx_polarity_flip_fabric400,1
0,phy_tx_polarity_flip_fabric401,0
0,phy_tx_polarity_flip_fabric402,1
0,phy_tx_polarity_flip_fabric403,0
0,phy_tx_polarity_flip_fabric404,0
0,phy_tx_polarity_flip_fabric405,1
0,phy_tx_polarity_flip_fabric406,0
0,phy_tx_polarity_flip_fabric407,1
0,phy_tx_polarity_flip_fabric408,1
0,phy_tx_polarity_flip_fabric409,0
0,phy_tx_polarity_flip_fabric410,1
0,phy_tx_polarity_flip_fabric411,0
0,phy_tx_polarity_flip_fabric412,0
0,phy_tx_polarity_flip_fabric413,1
0,phy_tx_polarity_flip_fabric414,0
0,phy_tx_polarity_flip_fabric415,1
0,phy_tx_polarity_flip_fabric416,0
0,phy_tx_polarity_flip_fabric417,1
0,phy_tx_polarity_flip_fabric418,0
0,phy_tx_polarity_flip_fabric419,1
0,phy_tx_polarity_flip_fabric420,1
0,phy_tx_polarity_flip_fabric421,0
0,phy_tx_polarity_flip_fabric422,1
0,phy_tx_polarity_flip_fabric423,0
0,phy_tx_polarity_flip_fabric424,0
0,phy_tx_polarity_flip_fabric425,1
0,phy_tx_polarity_flip_fabric426,0
0,phy_tx_polarity_flip_fabric427,1
0,phy_tx_polarity_flip_fabric428,1
0,phy_tx_polarity_flip_fabric429,0
0,phy_tx_polarity_flip_fabric430,1
0,phy_tx_polarity_flip_fabric431,0
0,phy_tx_polarity_flip_fabric432,1
0,phy_tx_polarity_flip_fabric433,0
0,phy_tx_polarity_flip_fabric434,1
0,phy_tx_polarity_flip_fabric435,0
0,phy_tx_polarity_flip_fabric436,0
0,phy_tx_polarity_flip_fabric437,1
0,phy_tx_polarity_flip_fabric438,0
0,phy_tx_polarity_flip_fabric439,1
0,phy_tx_polarity_flip_fabric440,1
0,phy_tx_polarity_flip_fabric441,0
0,phy_tx_polarity_flip_fabric442,1
0,phy_tx_polarity_flip_fabric443,0
0,phy_tx_polarity_flip_fabric444,0
0,phy_tx_polarity_flip_fabric445,1
0,phy_tx_polarity_flip_fabric446,0
0,phy_tx_polarity_flip_fabric447,1
0,phy_tx_polarity_flip_fabric448,0
0,phy_tx_polarity_flip_fabric449,1
0,phy_tx_polarity_flip_fabric450,0
0,phy_tx_polarity_flip_fabric451,1
0,phy_tx_polarity_flip_fabric452,1
0,phy_tx_polarity_flip_fabric453,0
0,phy_tx_polarity_flip_fabric454,1
0,phy_tx_polarity_flip_fabric455,0
0,phy_tx_polarity_flip_fabric456,0
0,phy_tx_polarity_flip_fabric457,1
0,phy_tx_polarity_flip_fabric458,0
0,phy_tx_polarity_flip_fabric459,1
0,phy_tx_polarity_flip_fabric460,1
0,phy_tx_polarity_flip_fabric461,0
0,phy_tx_polarity_flip_fabric462,1
0,phy_tx_polarity_flip_fabric463,0
0,phy_tx_polarity_flip_fabric464,1
0,phy_tx_polarity_flip_fabric465,1
0,phy_tx_polarity_flip_fabric466,0
0,phy_tx_polarity_flip_fabric467,1
0,phy_tx_polarity_flip_fabric468,1
0,phy_tx_polarity_flip_fabric469,0
0,phy_tx_polarity_flip_fabric470,1
0,phy_tx_polarity_flip_fabric471,0
0,phy_tx_polarity_flip_fabric472,1
0,phy_tx_polarity_flip_fabric473,0
0,phy_tx_polarity_flip_fabric474,0
0,phy_tx_polarity_flip_fabric475,1
0,phy_tx_polarity_flip_fabric476,0
0,phy_tx_polarity_flip_fabric477,0
0,phy_tx_polarity_flip_fabric478,0
0,phy_tx_polarity_flip_fabric479,0
0,phy_tx_polarity_flip_fabric480,1
0,phy_tx_polarity_flip_fabric481,0
0,phy_tx_polarity_flip_fabric482,0
0,phy_tx_polarity_flip_fabric483,1
0,phy_tx_polarity_flip_fabric484,1
0,phy_tx_polarity_flip_fabric485,0
0,phy_tx_polarity_flip_fabric486,0
0,phy_tx_polarity_flip_fabric487,1
0,phy_tx_polarity_flip_fabric488,1
0,phy_tx_polarity_flip_fabric489,0
0,phy_tx_polarity_flip_fabric490,1
0,phy_tx_polarity_flip_fabric491,0
0,phy_tx_polarity_flip_fabric492,1
0,phy_tx_polarity_flip_fabric493,0
0,phy_tx_polarity_flip_fabric494,1
0,phy_tx_polarity_flip_fabric495,0
0,phy_tx_polarity_flip_fabric496,0
0,phy_tx_polarity_flip_fabric497,1
0,phy_tx_polarity_flip_fabric498,1
0,phy_tx_polarity_flip_fabric499,0
0,phy_tx_polarity_flip_fabric500,0
0,phy_tx_polarity_flip_fabric501,1
0,phy_tx_polarity_flip_fabric502,1
0,phy_tx_polarity_flip_fabric503,0
0,phy_tx_polarity_flip_fabric504,0
0,phy_tx_polarity_flip_fabric505,1
0,phy_tx_polarity_flip_fabric506,0
0,phy_tx_polarity_flip_fabric507,1
0,phy_tx_polarity_flip_fabric508,0
0,phy_tx_polarity_flip_fabric509,1
0,phy_tx_polarity_flip_fabric510,0
0,phy_tx_polarity_flip_fabric511,1
1,phy_rx_polarity_flip_fabric0,0
1,phy_rx_polarity_flip_fabric1,1
1,phy_rx_polarity_flip_fabric2,0
1,phy_rx_polarity_flip_fabric3,0
1,phy_rx_polarity_flip_fabric4,1
1,phy_rx_polarity_flip_fabric5,1
1,phy_rx_polarity_flip_fabric6,0
1,phy_rx_polarity_flip_fabric7,0
1,phy_rx_polarity_flip_fabric8,1
1,phy_rx_polarity_flip_fabric9,0
1,phy_rx_polarity_flip_fabric10,1
1,phy_rx_polarity_flip_fabric11,0
1,phy_rx_polarity_flip_fabric12,1
1,phy_rx_polarity_flip_fabric13,0
1,phy_rx_polarity_flip_fabric14,1
1,phy_rx_polarity_flip_fabric15,0
1,phy_rx_polarity_flip_fabric16,1
1,phy_rx_polarity_flip_fabric17,1
1,phy_rx_polarity_flip_fabric18,0
1,phy_rx_polarity_flip_fabric19,0
1,phy_rx_polarity_flip_fabric20,1
1,phy_rx_polarity_flip_fabric21,1
1,phy_rx_polarity_flip_fabric22,0
1,phy_rx_polarity_flip_fabric23,0
1,phy_rx_polarity_flip_fabric24,1
1,phy_rx_polarity_flip_fabric25,0
1,phy_rx_polarity_flip_fabric26,1
1,phy_rx_polarity_flip_fabric27,0
1,phy_rx_polarity_flip_fabric28,1
1,phy_rx_polarity_flip_fabric29,0
1,phy_rx_polarity_flip_fabric30,1
1,phy_rx_polarity_flip_fabric31,0
1,phy_rx_polarity_flip_fabric32,0
1,phy_rx_polarity_flip_fabric33,1
1,phy_rx_polarity_flip_fabric34,0
1,phy_rx_polarity_flip_fabric35,1
1,phy_rx_polarity_flip_fabric36,0
1,phy_rx_polarity_flip_fabric37,0
1,phy_rx_polarity_flip_fabric38,0
1,phy_rx_polarity_flip_fabric39,1
1,phy_rx_polarity_flip_fabric40,0
1,phy_rx_polarity_flip_fabric41,0
1,phy_rx_polarity_flip_fabric42,0
1,phy_rx_polarity_flip_fabric43,0
1,phy_rx_polarity_flip_fabric44,0
1,phy_rx_polarity_flip_fabric45,0
1,phy_rx_polarity_flip_fabric46,1
1,phy_rx_polarity_flip_fabric47,1
1,phy_rx_polarity_flip_fabric48,0
1,phy_rx_polarity_flip_fabric49,0
1,phy_rx_polarity_flip_fabric50,1
1,phy_rx_polarity_flip_fabric51,1
1,phy_rx_polarity_flip_fabric52,0
1,phy_rx_polarity_flip_fabric53,0
1,phy_rx_polarity_flip_fabric54,0
1,phy_rx_polarity_flip_fabric55,0
1,phy_rx_polarity_flip_fabric56,0
1,phy_rx_polarity_flip_fabric57,0
1,phy_rx_polarity_flip_fabric58,1
1,phy_rx_polarity_flip_fabric59,1
1,phy_rx_polarity_flip_fabric60,0
1,phy_rx_polarity_flip_fabric61,0
1,phy_rx_polarity_flip_fabric62,0
1,phy_rx_polarity_flip_fabric63,0
1,phy_rx_polarity_flip_fabric64,0
1,phy_rx_polarity_flip_fabric65,0
1,phy_rx_polarity_flip_fabric66,1
1,phy_rx_polarity_flip_fabric67,1
1,phy_rx_polarity_flip_fabric68,0
1,phy_rx_polarity_flip_fabric69,0
1,phy_rx_polarity_flip_fabric70,0
1,phy_rx_polarity_flip_fabric71,0
1,phy_rx_polarity_flip_fabric72,0
1,phy_rx_polarity_flip_fabric73,0
1,phy_rx_polarity_flip_fabric74,1
1,phy_rx_polarity_flip_fabric75,1
1,phy_rx_polarity_flip_fabric76,0
1,phy_rx_polarity_flip_fabric77,0
1,phy_rx_polarity_flip_fabric78,0
1,phy_rx_polarity_flip_fabric79,0
1,phy_rx_polarity_flip_fabric80,0
1,phy_rx_polarity_flip_fabric81,0
1,phy_rx_polarity_flip_fabric82,1
1,phy_rx_polarity_flip_fabric83,1
1,phy_rx_polarity_flip_fabric84,0
1,phy_rx_polarity_flip_fabric85,0
1,phy_rx_polarity_flip_fabric86,0
1,phy_rx_polarity_flip_fabric87,0
1,phy_rx_polarity_flip_fabric88,0
1,phy_rx_polarity_flip_fabric89,0
1,phy_rx_polarity_flip_fabric90,1
1,phy_rx_polarity_flip_fabric91,1
1,phy_rx_polarity_flip_fabric92,0
1,phy_rx_polarity_flip_fabric93,0
1,phy_rx_polarity_flip_fabric94,0
1,phy_rx_polarity_flip_fabric95,0
1,phy_rx_polarity_flip_fabric96,0
1,phy_rx_polarity_flip_fabric97,0
1,phy_rx_polarity_flip_fabric98,1
1,phy_rx_polarity_flip_fabric99,1
1,phy_rx_polarity_flip_fabric100,0
1,phy_rx_polarity_flip_fabric101,0
1,phy_rx_polarity_flip_fabric102,0
1,phy_rx_polarity_flip_fabric103,0
1,phy_rx_polarity_flip_fabric104,0
1,phy_rx_polarity_flip_fabric105,0
1,phy_rx_polarity_flip_fabric106,1
1,phy_rx_polarity_flip_fabric107,1
1,phy_rx_polarity_flip_fabric108,0
1,phy_rx_polarity_flip_fabric109,0
1,phy_rx_polarity_flip_fabric110,0
1,phy_rx_polarity_flip_fabric111,0
1,phy_rx_polarity_flip_fabric112,0
1,phy_rx_polarity_flip_fabric113,0
1,phy_rx_polarity_flip_fabric114,1
1,phy_rx_polarity_flip_fabric115,1
1,phy_rx_polarity_flip_fabric116,0
1,phy_rx_polarity_flip_fabric117,0
1,phy_rx_polarity_flip_fabric118,0
1,phy_rx_polarity_flip_fabric119,0
1,phy_rx_polarity_flip_fabric120,0
1,phy_rx_polarity_flip_fabric121,0
1,phy_rx_polarity_flip_fabric122,1
1,phy_rx_polarity_flip_fabric123,1
1,phy_rx_polarity_flip_fabric124,0
1,phy_rx_polarity_flip_fabric125,0
1,phy_rx_polarity_flip_fabric126,0
1,phy_rx_polarity_flip_fabric127,0
1,phy_rx_polarity_flip_fabric128,0
1,phy_rx_polarity_flip_fabric129,0
1,phy_rx_polarity_flip_fabric130,0
1,phy_rx_polarity_flip_fabric131,1
1,phy_rx_polarity_flip_fabric132,0
1,phy_rx_polarity_flip_fabric133,1
1,phy_rx_polarity_flip_fabric134,1
1,phy_rx_polarity_flip_fabric135,1
1,phy_rx_polarity_flip_fabric136,0
1,phy_rx_polarity_flip_fabric137,0
1,phy_rx_polarity_flip_fabric138,0
1,phy_rx_polarity_flip_fabric139,1
1,phy_rx_polarity_flip_fabric140,0
1,phy_rx_polarity_flip_fabric141,1
1,phy_rx_polarity_flip_fabric142,1
1,phy_rx_polarity_flip_fabric143,1
1,phy_rx_polarity_flip_fabric144,0
1,phy_rx_polarity_flip_fabric145,0
1,phy_rx_polarity_flip_fabric146,0
1,phy_rx_polarity_flip_fabric147,1
1,phy_rx_polarity_flip_fabric148,0
1,phy_rx_polarity_flip_fabric149,1
1,phy_rx_polarity_flip_fabric150,1
1,phy_rx_polarity_flip_fabric151,1
1,phy_rx_polarity_flip_fabric152,0
1,phy_rx_polarity_flip_fabric153,0
1,phy_rx_polarity_flip_fabric154,0
1,phy_rx_polarity_flip_fabric155,1
1,phy_rx_polarity_flip_fabric156,0
1,phy_rx_polarity_flip_fabric157,1
1,phy_rx_polarity_flip_fabric158,1
1,phy_rx_polarity_flip_fabric159,1
1,phy_rx_polarity_flip_fabric160,0
1,phy_rx_polarity_flip_fabric161,0
1,phy_rx_polarity_flip_fabric162,0
1,phy_rx_polarity_flip_fabric163,1
1,phy_rx_polarity_flip_fabric164,0
1,phy_rx_polarity_flip_fabric165,1
1,phy_rx_polarity_flip_fabric166,1
1,phy_rx_polarity_flip_fabric167,1
1,phy_rx_polarity_flip_fabric168,0
1,phy_rx_polarity_flip_fabric169,0
1,phy_rx_polarity_flip_fabric170,0
1,phy_rx_polarity_flip_fabric171,1
1,phy_rx_polarity_flip_fabric172,0
1,phy_rx_polarity_flip_fabric173,1
1,phy_rx_polarity_flip_fabric174,1
1,phy_rx_polarity_flip_fabric175,1
1,phy_rx_polarity_flip_fabric176,0
1,phy_rx_polarity_flip_fabric177,0
1,phy_rx_polarity_flip_fabric178,0
1,phy_rx_polarity_flip_fabric179,1
1,phy_rx_polarity_flip_fabric180,0
1,phy_rx_polarity_flip_fabric181,1
1,phy_rx_polarity_flip_fabric182,1
1,phy_rx_polarity_flip_fabric183,1
1,phy_rx_polarity_flip_fabric184,0
1,phy_rx_polarity_flip_fabric185,0
1,phy_rx_polarity_flip_fabric186,0
1,phy_rx_polarity_flip_fabric187,1
1,phy_rx_polarity_flip_fabric188,0
1,phy_rx_polarity_flip_fabric189,1
1,phy_rx_polarity_flip_fabric190,1
1,phy_rx_polarity_flip_fabric191,1
1,phy_rx_polarity_flip_fabric192,0
1,phy_rx_polarity_flip_fabric193,0
1,phy_rx_polarity_flip_fabric194,0
1,phy_rx_polarity_flip_fabric195,1
1,phy_rx_polarity_flip_fabric196,0
1,phy_rx_polarity_flip_fabric197,1
1,phy_rx_polarity_flip_fabric198,1
1,phy_rx_polarity_flip_fabric199,1
1,phy_rx_polarity_flip_fabric200,0
1,phy_rx_polarity_flip_fabric201,0
1,phy_rx_polarity_flip_fabric202,0
1,phy_rx_polarity_flip_fabric203,1
1,phy_rx_polarity_flip_fabric204,0
1,phy_rx_polarity_flip_fabric205,1
1,phy_rx_polarity_flip_fabric206,1
1,phy_rx_polarity_flip_fabric207,1
1,phy_rx_polarity_flip_fabric208,0
1,phy_rx_polarity_flip_fabric209,0
1,phy_rx_polarity_flip_fabric210,0
1,phy_rx_polarity_flip_fabric211,1
1,phy_rx_polarity_flip_fabric212,0
1,phy_rx_polarity_flip_fabric213,1
1,phy_rx_polarity_flip_fabric214,1
1,phy_rx_polarity_flip_fabric215,1
1,phy_rx_polarity_flip_fabric216,0
1,phy_rx_polarity_flip_fabric217,0
1,phy_rx_polarity_flip_fabric218,1
1,phy_rx_polarity_flip_fabric219,0
1,phy_rx_polarity_flip_fabric220,1
1,phy_rx_polarity_flip_fabric221,1
1,phy_rx_polarity_flip_fabric222,1
1,phy_rx_polarity_flip_fabric223,0
1,phy_rx_polarity_flip_fabric224,1
1,phy_rx_polarity_flip_fabric225,1
1,phy_rx_polarity_flip_fabric226,0
1,phy_rx_polarity_flip_fabric227,0
1,phy_rx_polarity_flip_fabric228,0
1,phy_rx_polarity_flip_fabric229,1
1,phy_rx_polarity_flip_fabric230,1
1,phy_rx_polarity_flip_fabric231,0
1,phy_rx_polarity_flip_fabric232,1
1,phy_rx_polarity_flip_fabric233,0
1,phy_rx_polarity_flip_fabric234,1
1,phy_rx_polarity_flip_fabric235,1
1,phy_rx_polarity_flip_fabric236,0
1,phy_rx_polarity_flip_fabric237,0
1,phy_rx_polarity_flip_fabric238,0
1,phy_rx_polarity_flip_fabric239,1
1,phy_rx_polarity_flip_fabric240,1
1,phy_rx_polarity_flip_fabric241,1
1,phy_rx_polarity_flip_fabric242,0
1,phy_rx_polarity_flip_fabric243,0
1,phy_rx_polarity_flip_fabric244,0
1,phy_rx_polarity_flip_fabric245,1
1,phy_rx_polarity_flip_fabric246,1
1,phy_rx_polarity_flip_fabric247,0
1,phy_rx_polarity_flip_fabric248,1
1,phy_rx_polarity_flip_fabric249,0
1,phy_rx_polarity_flip_fabric250,1
1,phy_rx_polarity_flip_fabric251,1
1,phy_rx_polarity_flip_fabric252,0
1,phy_rx_polarity_flip_fabric253,0
1,phy_rx_polarity_flip_fabric254,0
1,phy_rx_polarity_flip_fabric255,1
1,phy_rx_polarity_flip_fabric256,0
1,phy_rx_polarity_flip_fabric257,1
1,phy_rx_polarity_flip_fabric258,0
1,phy_rx_polarity_flip_fabric259,0
1,phy_rx_polarity_flip_fabric260,1
1,phy_rx_polarity_flip_fabric261,1
1,phy_rx_polarity_flip_fabric262,1
1,phy_rx_polarity_flip_fabric263,0
1,phy_rx_polarity_flip_fabric264,0
1,phy_rx_polarity_flip_fabric265,0
1,phy_rx_polarity_flip_fabric266,1
1,phy_rx_polarity_flip_fabric267,1
1,phy_rx_polarity_flip_fabric268,1
1,phy_rx_polarity_flip_fabric269,0
1,phy_rx_polarity_flip_fabric270,0
1,phy_rx_polarity_flip_fabric271,1
1,phy_rx_polarity_flip_fabric272,0
1,phy_rx_polarity_flip_fabric273,1
1,phy_rx_polarity_flip_fabric274,0
1,phy_rx_polarity_flip_fabric275,0
1,phy_rx_polarity_flip_fabric276,1
1,phy_rx_polarity_flip_fabric277,1
1,phy_rx_polarity_flip_fabric278,1
1,phy_rx_polarity_flip_fabric279,0
1,phy_rx_polarity_flip_fabric280,0
1,phy_rx_polarity_flip_fabric281,0
1,phy_rx_polarity_flip_fabric282,1
1,phy_rx_polarity_flip_fabric283,1
1,phy_rx_polarity_flip_fabric284,1
1,phy_rx_polarity_flip_fabric285,0
1,phy_rx_polarity_flip_fabric286,0
1,phy_rx_polarity_flip_fabric287,1
1,phy_rx_polarity_flip_fabric288,1
1,phy_rx_polarity_flip_fabric289,1
1,phy_rx_polarity_flip_fabric290,0
1,phy_rx_polarity_flip_fabric291,1
1,phy_rx_polarity_flip_fabric292,0
1,phy_rx_polarity_flip_fabric293,0
1,phy_rx_polarity_flip_fabric294,0
1,phy_rx_polarity_flip_fabric295,1
1,phy_rx_polarity_flip_fabric296,1
1,phy_rx_polarity_flip_fabric297,1
1,phy_rx_polarity_flip_fabric298,1
1,phy_rx_polarity_flip_fabric299,0
1,phy_rx_polarity_flip_fabric300,1
1,phy_rx_polarity_flip_fabric301,0
1,phy_rx_polarity_flip_fabric302,0
1,phy_rx_polarity_flip_fabric303,0
1,phy_rx_polarity_flip_fabric304,1
1,phy_rx_polarity_flip_fabric305,1
1,phy_rx_polarity_flip_fabric306,1
1,phy_rx_polarity_flip_fabric307,0
1,phy_rx_polarity_flip_fabric308,1
1,phy_rx_polarity_flip_fabric309,0
1,phy_rx_polarity_flip_fabric310,0
1,phy_rx_polarity_flip_fabric311,0
1,phy_rx_polarity_flip_fabric312,1
1,phy_rx_polarity_flip_fabric313,1
1,phy_rx_polarity_flip_fabric314,1
1,phy_rx_polarity_flip_fabric315,0
1,phy_rx_polarity_flip_fabric316,1
1,phy_rx_polarity_flip_fabric317,0
1,phy_rx_polarity_flip_fabric318,0
1,phy_rx_polarity_flip_fabric319,0
1,phy_rx_polarity_flip_fabric320,1
1,phy_rx_polarity_flip_fabric321,1
1,phy_rx_polarity_flip_fabric322,1
1,phy_rx_polarity_flip_fabric323,0
1,phy_rx_polarity_flip_fabric324,1
1,phy_rx_polarity_flip_fabric325,0
1,phy_rx_polarity_flip_fabric326,0
1,phy_rx_polarity_flip_fabric327,0
1,phy_rx_polarity_flip_fabric328,1
1,phy_rx_polarity_flip_fabric329,1
1,phy_rx_polarity_flip_fabric330,1
1,phy_rx_polarity_flip_fabric331,0
1,phy_rx_polarity_flip_fabric332,1
1,phy_rx_polarity_flip_fabric333,0
1,phy_rx_polarity_flip_fabric334,0
1,phy_rx_polarity_flip_fabric335,0
1,phy_rx_polarity_flip_fabric336,1
1,phy_rx_polarity_flip_fabric337,1
1,phy_rx_polarity_flip_fabric338,1
1,phy_rx_polarity_flip_fabric339,0
1,phy_rx_polarity_flip_fabric340,1
1,phy_rx_polarity_flip_fabric341,0
1,phy_rx_polarity_flip_fabric342,0
1,phy_rx_polarity_flip_fabric343,0
1,phy_rx_polarity_flip_fabric344,1
1,phy_rx_polarity_flip_fabric345,1
1,phy_rx_polarity_flip_fabric346,1
1,phy_rx_polarity_flip_fabric347,0
1,phy_rx_polarity_flip_fabric348,1
1,phy_rx_polarity_flip_fabric349,0
1,phy_rx_polarity_flip_fabric350,0
1,phy_rx_polarity_flip_fabric351,0
1,phy_rx_polarity_flip_fabric352,1
1,phy_rx_polarity_flip_fabric353,1
1,phy_rx_polarity_flip_fabric354,1
1,phy_rx_polarity_flip_fabric355,0
1,phy_rx_polarity_flip_fabric356,1
1,phy_rx_polarity_flip_fabric357,0
1,phy_rx_polarity_flip_fabric358,0
1,phy_rx_polarity_flip_fabric359,0
1,phy_rx_polarity_flip_fabric360,1
1,phy_rx_polarity_flip_fabric361,1
1,phy_rx_polarity_flip_fabric362,1
1,phy_rx_polarity_flip_fabric363,0
1,phy_rx_polarity_flip_fabric364,1
1,phy_rx_polarity_flip_fabric365,0
1,phy_rx_polarity_flip_fabric366,0
1,phy_rx_polarity_flip_fabric367,0
1,phy_rx_polarity_flip_fabric368,1
1,phy_rx_polarity_flip_fabric369,1
1,phy_rx_polarity_flip_fabric370,1
1,phy_rx_polarity_flip_fabric371,0
1,phy_rx_polarity_flip_fabric372,1
1,phy_rx_polarity_flip_fabric373,0
1,phy_rx_polarity_flip_fabric374,0
1,phy_rx_polarity_flip_fabric375,0
1,phy_rx_polarity_flip_fabric376,1
1,phy_rx_polarity_flip_fabric377,1
1,phy_rx_polarity_flip_fabric378,1
1,phy_rx_polarity_flip_fabric379,0
1,phy_rx_polarity_flip_fabric380,1
1,phy_rx_polarity_flip_fabric381,0
1,phy_rx_polarity_flip_fabric382,0
1,phy_rx_polarity_flip_fabric383,0
1,phy_rx_polarity_flip_fabric384,1
1,phy_rx_polarity_flip_fabric385,1
1,phy_rx_polarity_flip_fabric386,0
1,phy_rx_polarity_flip_fabric387,0
1,phy_rx_polarity_flip_fabric388,1
1,phy_rx_polarity_flip_fabric389,1
1,phy_rx_polarity_flip_fabric390,1
1,phy_rx_polarity_flip_fabric391,1
1,phy_rx_polarity_flip_fabric392,1
1,phy_rx_polarity_flip_fabric393,1
1,phy_rx_polarity_flip_fabric394,0
1,phy_rx_polarity_flip_fabric395,0
1,phy_rx_polarity_flip_fabric396,1
1,phy_rx_polarity_flip_fabric397,1
1,phy_rx_polarity_flip_fabric398,1
1,phy_rx_polarity_flip_fabric399,1
1,phy_rx_polarity_flip_fabric400,1
1,phy_rx_polarity_flip_fabric401,1
1,phy_rx_polarity_flip_fabric402,0
1,phy_rx_polarity_flip_fabric403,0
1,phy_rx_polarity_flip_fabric404,1
1,phy_rx_polarity_flip_fabric405,1
1,phy_rx_polarity_flip_fabric406,1
1,phy_rx_polarity_flip_fabric407,1
1,phy_rx_polarity_flip_fabric408,1
1,phy_rx_polarity_flip_fabric409,1
1,phy_rx_polarity_flip_fabric410,0
1,phy_rx_polarity_flip_fabric411,0
1,phy_rx_polarity_flip_fabric412,1
1,phy_rx_polarity_flip_fabric413,1
1,phy_rx_polarity_flip_fabric414,1
1,phy_rx_polarity_flip_fabric415,1
1,phy_rx_polarity_flip_fabric416,1
1,phy_rx_polarity_flip_fabric417,1
1,phy_rx_polarity_flip_fabric418,0
1,phy_rx_polarity_flip_fabric419,0
1,phy_rx_polarity_flip_fabric420,1
1,phy_rx_polarity_flip_fabric421,1
1,phy_rx_polarity_flip_fabric422,1
1,phy_rx_polarity_flip_fabric423,1
1,phy_rx_polarity_flip_fabric424,1
1,phy_rx_polarity_flip_fabric425,1
1,phy_rx_polarity_flip_fabric426,0
1,phy_rx_polarity_flip_fabric427,0
1,phy_rx_polarity_flip_fabric428,1
1,phy_rx_polarity_flip_fabric429,1
1,phy_rx_polarity_flip_fabric430,1
1,phy_rx_polarity_flip_fabric431,1
1,phy_rx_polarity_flip_fabric432,1
1,phy_rx_polarity_flip_fabric433,1
1,phy_rx_polarity_flip_fabric434,0
1,phy_rx_polarity_flip_fabric435,0
1,phy_rx_polarity_flip_fabric436,1
1,phy_rx_polarity_flip_fabric437,1
1,phy_rx_polarity_flip_fabric438,1
1,phy_rx_polarity_flip_fabric439,1
1,phy_rx_polarity_flip_fabric440,1
1,phy_rx_polarity_flip_fabric441,1
1,phy_rx_polarity_flip_fabric442,0
1,phy_rx_polarity_flip_fabric443,0
1,phy_rx_polarity_flip_fabric444,1
1,phy_rx_polarity_flip_fabric445,1
1,phy_rx_polarity_flip_fabric446,1
1,phy_rx_polarity_flip_fabric447,1
1,phy_rx_polarity_flip_fabric448,1
1,phy_rx_polarity_flip_fabric449,1
1,phy_rx_polarity_flip_fabric450,0
1,phy_rx_polarity_flip_fabric451,0
1,phy_rx_polarity_flip_fabric452,1
1,phy_rx_polarity_flip_fabric453,1
1,phy_rx_polarity_flip_fabric454,1
1,phy_rx_polarity_flip_fabric455,1
1,phy_rx_polarity_flip_fabric456,1
1,phy_rx_polarity_flip_fabric457,1
1,phy_rx_polarity_flip_fabric458,0
1,phy_rx_polarity_flip_fabric459,0
1,phy_rx_polarity_flip_fabric460,1
1,phy_rx_polarity_flip_fabric461,1
1,phy_rx_polarity_flip_fabric462,1
1,phy_rx_polarity_flip_fabric463,1
1,phy_rx_polarity_flip_fabric464,1
1,phy_rx_polarity_flip_fabric465,1
1,phy_rx_polarity_flip_fabric466,0
1,phy_rx_polarity_flip_fabric467,0
1,phy_rx_polarity_flip_fabric468,1
1,phy_rx_polarity_flip_fabric469,1
1,phy_rx_polarity_flip_fabric470,1
1,phy_rx_polarity_flip_fabric471,1
1,phy_rx_polarity_flip_fabric472,1
1,phy_rx_polarity_flip_fabric473,1
1,phy_rx_polarity_flip_fabric474,1
1,phy_rx_polarity_flip_fabric475,0
1,phy_rx_polarity_flip_fabric476,1
1,phy_rx_polarity_flip_fabric477,0
1,phy_rx_polarity_flip_fabric478,1
1,phy_rx_polarity_flip_fabric479,0
1,phy_rx_polarity_flip_fabric480,0
1,phy_rx_polarity_flip_fabric481,1
1,phy_rx_polarity_flip_fabric482,0
1,phy_rx_polarity_flip_fabric483,1
1,phy_rx_polarity_flip_fabric484,0
1,phy_rx_polarity_flip_fabric485,1
1,phy_rx_polarity_flip_fabric486,0
1,phy_rx_polarity_flip_fabric487,1
1,phy_rx_polarity_flip_fabric488,0
1,phy_rx_polarity_flip_fabric489,0
1,phy_rx_polarity_flip_fabric490,1
1,phy_rx_polarity_flip_fabric491,1
1,phy_rx_polarity_flip_fabric492,0
1,phy_rx_polarity_flip_fabric493,0
1,phy_rx_polarity_flip_fabric494,1
1,phy_rx_polarity_flip_fabric495,1
1,phy_rx_polarity_flip_fabric496,0
1,phy_rx_polarity_flip_fabric497,1
1,phy_rx_polarity_flip_fabric498,0
1,phy_rx_polarity_flip_fabric499,1
1,phy_rx_polarity_flip_fabric500,0
1,phy_rx_polarity_flip_fabric501,1
1,phy_rx_polarity_flip_fabric502,0
1,phy_rx_polarity_flip_fabric503,1
1,phy_rx_polarity_flip_fabric504,1
1,phy_rx_polarity_flip_fabric505,0
1,phy_rx_polarity_flip_fabric506,1
1,phy_rx_polarity_flip_fabric507,1
1,phy_rx_polarity_flip_fabric508,0
1,phy_rx_polarity_flip_fabric509,0
1,phy_rx_polarity_flip_fabric510,1
1,phy_rx_polarity_flip_fabric511,1
1,phy_tx_polarity_flip_fabric0,1
1,phy_tx_polarity_flip_fabric1,0
1,phy_tx_polarity_flip_fabric2,1
1,phy_tx_polarity_flip_fabric3,0
1,phy_tx_polarity_flip_fabric4,1
1,phy_tx_polarity_flip_fabric5,0
1,phy_tx_polarity_flip_fabric6,1
1,phy_tx_polarity_flip_fabric7,0
1,phy_tx_polarity_flip_fabric8,1
1,phy_tx_polarity_flip_fabric9,0
1,phy_tx_polarity_flip_fabric10,0
1,phy_tx_polarity_flip_fabric11,1
1,phy_tx_polarity_flip_fabric12,1
1,phy_tx_polarity_flip_fabric13,0
1,phy_tx_polarity_flip_fabric14,0
1,phy_tx_polarity_flip_fabric15,1
1,phy_tx_polarity_flip_fabric16,0
1,phy_tx_polarity_flip_fabric17,1
1,phy_tx_polarity_flip_fabric18,0
1,phy_tx_polarity_flip_fabric19,1
1,phy_tx_polarity_flip_fabric20,0
1,phy_tx_polarity_flip_fabric21,1
1,phy_tx_polarity_flip_fabric22,0
1,phy_tx_polarity_flip_fabric23,1
1,phy_tx_polarity_flip_fabric24,0
1,phy_tx_polarity_flip_fabric25,1
1,phy_tx_polarity_flip_fabric26,1
1,phy_tx_polarity_flip_fabric27,0
1,phy_tx_polarity_flip_fabric28,0
1,phy_tx_polarity_flip_fabric29,1
1,phy_tx_polarity_flip_fabric30,1
1,phy_tx_polarity_flip_fabric31,0
1,phy_tx_polarity_flip_fabric32,0
1,phy_tx_polarity_flip_fabric33,0
1,phy_tx_polarity_flip_fabric34,1
1,phy_tx_polarity_flip_fabric35,1
1,phy_tx_polarity_flip_fabric36,0
1,phy_tx_polarity_flip_fabric37,0
1,phy_tx_polarity_flip_fabric38,0
1,phy_tx_polarity_flip_fabric39,0
1,phy_tx_polarity_flip_fabric40,1
1,phy_tx_polarity_flip_fabric41,0
1,phy_tx_polarity_flip_fabric42,1
1,phy_tx_polarity_flip_fabric43,1
1,phy_tx_polarity_flip_fabric44,0
1,phy_tx_polarity_flip_fabric45,1
1,phy_tx_polarity_flip_fabric46,0
1,phy_tx_polarity_flip_fabric47,1
1,phy_tx_polarity_flip_fabric48,1
1,phy_tx_polarity_flip_fabric49,0
1,phy_tx_polarity_flip_fabric50,1
1,phy_tx_polarity_flip_fabric51,0
1,phy_tx_polarity_flip_fabric52,0
1,phy_tx_polarity_flip_fabric53,1
1,phy_tx_polarity_flip_fabric54,0
1,phy_tx_polarity_flip_fabric55,1
1,phy_tx_polarity_flip_fabric56,1
1,phy_tx_polarity_flip_fabric57,0
1,phy_tx_polarity_flip_fabric58,1
1,phy_tx_polarity_flip_fabric59,0
1,phy_tx_polarity_flip_fabric60,0
1,phy_tx_polarity_flip_fabric61,1
1,phy_tx_polarity_flip_fabric62,0
1,phy_tx_polarity_flip_fabric63,1
1,phy_tx_polarity_flip_fabric64,0
1,phy_tx_polarity_flip_fabric65,1
1,phy_tx_polarity_flip_fabric66,0
1,phy_tx_polarity_flip_fabric67,1
1,phy_tx_polarity_flip_fabric68,1
1,phy_tx_polarity_flip_fabric69,0
1,phy_tx_polarity_flip_fabric70,1
1,phy_tx_polarity_flip_fabric71,0
1,phy_tx_polarity_flip_fabric72,0
1,phy_tx_polarity_flip_fabric73,1
1,phy_tx_polarity_flip_fabric74,0
1,phy_tx_polarity_flip_fabric75,1
1,phy_tx_polarity_flip_fabric76,1
1,phy_tx_polarity_flip_fabric77,0
1,phy_tx_polarity_flip_fabric78,1
1,phy_tx_polarity_flip_fabric79,0
1,phy_tx_polarity_flip_fabric80,1
1,phy_tx_polarity_flip_fabric81,0
1,phy_tx_polarity_flip_fabric82,1
1,phy_tx_polarity_flip_fabric83,0
1,phy_tx_polarity_flip_fabric84,0
1,phy_tx_polarity_flip_fabric85,1
1,phy_tx_polarity_flip_fabric86,0
1,phy_tx_polarity_flip_fabric87,1
1,phy_tx_polarity_flip_fabric88,1
1,phy_tx_polarity_flip_fabric89,0
1,phy_tx_polarity_flip_fabric90,1
1,phy_tx_polarity_flip_fabric91,0
1,phy_tx_polarity_flip_fabric92,0
1,phy_tx_polarity_flip_fabric93,1
1,phy_tx_polarity_flip_fabric94,0
1,phy_tx_polarity_flip_fabric95,1
1,phy_tx_polarity_flip_fabric96,0
1,phy_tx_polarity_flip_fabric97,1
1,phy_tx_polarity_flip_fabric98,0
1,phy_tx_polarity_flip_fabric99,1
1,phy_tx_polarity_flip_fabric100,1
1,phy_tx_polarity_flip_fabric101,0
1,phy_tx_polarity_flip_fabric102,1
1,phy_tx_polarity_flip_fabric103,0
1,phy_tx_polarity_flip_fabric104,0
1,phy_tx_polarity_flip_fabric105,1
1,phy_tx_polarity_flip_fabric106,0
1,phy_tx_polarity_flip_fabric107,1
1,phy_tx_polarity_flip_fabric108,1
1,phy_tx_polarity_flip_fabric109,0
1,phy_tx_polarity_flip_fabric110,1
1,phy_tx_polarity_flip_fabric111,0
1,phy_tx_polarity_flip_fabric112,1
1,phy_tx_polarity_flip_fabric113,0
1,phy_tx_polarity_flip_fabric114,1
1,phy_tx_polarity_flip_fabric115,0
1,phy_tx_polarity_flip_fabric116,0
1,phy_tx_polarity_flip_fabric117,1
1,phy_tx_polarity_flip_fabric118,0
1,phy_tx_polarity_flip_fabric119,1
1,phy_tx_polarity_flip_fabric120,1
1,phy_tx_polarity_flip_fabric121,0
1,phy_tx_polarity_flip_fabric122,1
1,phy_tx_polarity_flip_fabric123,0
1,phy_tx_polarity_flip_fabric124,0
1,phy_tx_polarity_flip_fabric125,1
1,phy_tx_polarity_flip_fabric126,0
1,phy_tx_polarity_flip_fabric127,1
1,phy_tx_polarity_flip_fabric128,1
1,phy_tx_polarity_flip_fabric129,1
1,phy_tx_polarity_flip_fabric130,0
1,phy_tx_polarity_flip_fabric131,0
1,phy_tx_polarity_flip_fabric132,0
1,phy_tx_polarity_flip_fabric133,1
1,phy_tx_polarity_flip_fabric134,1
1,phy_tx_polarity_flip_fabric135,1
1,phy_tx_polarity_flip_fabric136,1
1,phy_tx_polarity_flip_fabric137,1
1,phy_tx_polarity_flip_fabric138,0
1,phy_tx_polarity_flip_fabric139,0
1,phy_tx_polarity_flip_fabric140,0
1,phy_tx_polarity_flip_fabric141,1
1,phy_tx_polarity_flip_fabric142,1
1,phy_tx_polarity_flip_fabric143,1
1,phy_tx_polarity_flip_fabric144,0
1,phy_tx_polarity_flip_fabric145,1
1,phy_tx_polarity_flip_fabric146,1
1,phy_tx_polarity_flip_fabric147,0
1,phy_tx_polarity_flip_fabric148,1
1,phy_tx_polarity_flip_fabric149,0
1,phy_tx_polarity_flip_fabric150,1
1,phy_tx_polarity_flip_fabric151,1
1,phy_tx_polarity_flip_fabric152,0
1,phy_tx_polarity_flip_fabric153,1
1,phy_tx_polarity_flip_fabric154,1
1,phy_tx_polarity_flip_fabric155,0
1,phy_tx_polarity_flip_fabric156,1
1,phy_tx_polarity_flip_fabric157,0
1,phy_tx_polarity_flip_fabric158,1
1,phy_tx_polarity_flip_fabric159,1
1,phy_tx_polarity_flip_fabric160,1
1,phy_tx_polarity_flip_fabric161,1
1,phy_tx_polarity_flip_fabric162,0
1,phy_tx_polarity_flip_fabric163,0
1,phy_tx_polarity_flip_fabric164,0
1,phy_tx_polarity_flip_fabric165,1
1,phy_tx_polarity_flip_fabric166,1
1,phy_tx_polarity_flip_fabric167,1
1,phy_tx_polarity_flip_fabric168,1
1,phy_tx_polarity_flip_fabric169,1
1,phy_tx_polarity_flip_fabric170,0
1,phy_tx_polarity_flip_fabric171,0
1,phy_tx_polarity_flip_fabric172,0
1,phy_tx_polarity_flip_fabric173,1
1,phy_tx_polarity_flip_fabric174,1
1,phy_tx_polarity_flip_fabric175,1
1,phy_tx_polarity_flip_fabric176,0
1,phy_tx_polarity_flip_fabric177,1
1,phy_tx_polarity_flip_fabric178,1
1,phy_tx_polarity_flip_fabric179,0
1,phy_tx_polarity_flip_fabric180,1
1,phy_tx_polarity_flip_fabric181,0
1,phy_tx_polarity_flip_fabric182,1
1,phy_tx_polarity_flip_fabric183,1
1,phy_tx_polarity_flip_fabric184,0
1,phy_tx_polarity_flip_fabric185,1
1,phy_tx_polarity_flip_fabric186,1
1,phy_tx_polarity_flip_fabric187,0
1,phy_tx_polarity_flip_fabric188,1
1,phy_tx_polarity_flip_fabric189,0
1,phy_tx_polarity_flip_fabric190,1
1,phy_tx_polarity_flip_fabric191,1
1,phy_tx_polarity_flip_fabric192,1
1,phy_tx_polarity_flip_fabric193,1
1,phy_tx_polarity_flip_fabric194,0
1,phy_tx_polarity_flip_fabric195,0
1,phy_tx_polarity_flip_fabric196,0
1,phy_tx_polarity_flip_fabric197,1
1,phy_tx_polarity_flip_fabric198,1
1,phy_tx_polarity_flip_fabric199,1
1,phy_tx_polarity_flip_fabric200,1
1,phy_tx_polarity_flip_fabric201,1
1,phy_tx_polarity_flip_fabric202,0
1,phy_tx_polarity_flip_fabric203,0
1,phy_tx_polarity_flip_fabric204,0
1,phy_tx_polarity_flip_fabric205,1
1,phy_tx_polarity_flip_fabric206,1
1,phy_tx_polarity_flip_fabric207,1
1,phy_tx_polarity_flip_fabric208,0
1,phy_tx_polarity_flip_fabric209,1
1,phy_tx_polarity_flip_fabric210,1
1,phy_tx_polarity_flip_fabric211,0
1,phy_tx_polarity_flip_fabric212,0
1,phy_tx_polarity_flip_fabric213,0
1,phy_tx_polarity_flip_fabric214,1
1,phy_tx_polarity_flip_fabric215,1
1,phy_tx_polarity_flip_fabric216,1
1,phy_tx_polarity_flip_fabric217,1
1,phy_tx_polarity_flip_fabric218,0
1,phy_tx_polarity_flip_fabric219,1
1,phy_tx_polarity_flip_fabric220,0
1,phy_tx_polarity_flip_fabric221,1
1,phy_tx_polarity_flip_fabric222,0
1,phy_tx_polarity_flip_fabric223,0
1,phy_tx_polarity_flip_fabric224,0
1,phy_tx_polarity_flip_fabric225,1
1,phy_tx_polarity_flip_fabric226,1
1,phy_tx_polarity_flip_fabric227,0
1,phy_tx_polarity_flip_fabric228,0
1,phy_tx_polarity_flip_fabric229,1
1,phy_tx_polarity_flip_fabric230,1
1,phy_tx_polarity_flip_fabric231,0
1,phy_tx_polarity_flip_fabric232,1
1,phy_tx_polarity_flip_fabric233,1
1,phy_tx_polarity_flip_fabric234,1
1,phy_tx_polarity_flip_fabric235,1
1,phy_tx_polarity_flip_fabric236,1
1,phy_tx_polarity_flip_fabric237,1
1,phy_tx_polarity_flip_fabric238,1
1,phy_tx_polarity_flip_fabric239,1
1,phy_tx_polarity_flip_fabric240,1
1,phy_tx_polarity_flip_fabric241,0
1,phy_tx_polarity_flip_fabric242,0
1,phy_tx_polarity_flip_fabric243,1
1,phy_tx_polarity_flip_fabric244,1
1,phy_tx_polarity_flip_fabric245,0
1,phy_tx_polarity_flip_fabric246,0
1,phy_tx_polarity_flip_fabric247,1
1,phy_tx_polarity_flip_fabric248,1
1,phy_tx_polarity_flip_fabric249,1
1,phy_tx_polarity_flip_fabric250,1
1,phy_tx_polarity_flip_fabric251,1
1,phy_tx_polarity_flip_fabric252,1
1,phy_tx_polarity_flip_fabric253,1
1,phy_tx_polarity_flip_fabric254,1
1,phy_tx_polarity_flip_fabric255,1
1,phy_tx_polarity_flip_fabric256,0
1,phy_tx_polarity_flip_fabric257,0
1,phy_tx_polarity_flip_fabric258,0
1,phy_tx_polarity_flip_fabric259,0
1,phy_tx_polarity_flip_fabric260,0
1,phy_tx_polarity_flip_fabric261,0
1,phy_tx_polarity_flip_fabric262,0
1,phy_tx_polarity_flip_fabric263,0
1,phy_tx_polarity_flip_fabric264,1
1,phy_tx_polarity_flip_fabric265,0
1,phy_tx_polarity_flip_fabric266,0
1,phy_tx_polarity_flip_fabric267,1
1,phy_tx_polarity_flip_fabric268,1
1,phy_tx_polarity_flip_fabric269,0
1,phy_tx_polarity_flip_fabric270,0
1,phy_tx_polarity_flip_fabric271,1
1,phy_tx_polarity_flip_fabric272,0
1,phy_tx_polarity_flip_fabric273,0
1,phy_tx_polarity_flip_fabric274,0
1,phy_tx_polarity_flip_fabric275,0
1,phy_tx_polarity_flip_fabric276,0
1,phy_tx_polarity_flip_fabric277,0
1,phy_tx_polarity_flip_fabric278,0
1,phy_tx_polarity_flip_fabric279,0
1,phy_tx_polarity_flip_fabric280,0
1,phy_tx_polarity_flip_fabric281,1
1,phy_tx_polarity_flip_fabric282,1
1,phy_tx_polarity_flip_fabric283,0
1,phy_tx_polarity_flip_fabric284,0
1,phy_tx_polarity_flip_fabric285,1
1,phy_tx_polarity_flip_fabric286,1
1,phy_tx_polarity_flip_fabric287,0
1,phy_tx_polarity_flip_fabric288,0
1,phy_tx_polarity_flip_fabric289,1
1,phy_tx_polarity_flip_fabric290,0
1,phy_tx_polarity_flip_fabric291,0
1,phy_tx_polarity_flip_fabric292,0
1,phy_tx_polarity_flip_fabric293,1
1,phy_tx_polarity_flip_fabric294,1
1,phy_tx_polarity_flip_fabric295,1
1,phy_tx_polarity_flip_fabric296,0
1,phy_tx_polarity_flip_fabric297,0
1,phy_tx_polarity_flip_fabric298,1
1,phy_tx_polarity_flip_fabric299,1
1,phy_tx_polarity_flip_fabric300,1
1,phy_tx_polarity_flip_fabric301,0
1,phy_tx_polarity_flip_fabric302,0
1,phy_tx_polarity_flip_fabric303,1
1,phy_tx_polarity_flip_fabric304,1
1,phy_tx_polarity_flip_fabric305,0
1,phy_tx_polarity_flip_fabric306,0
1,phy_tx_polarity_flip_fabric307,1
1,phy_tx_polarity_flip_fabric308,0
1,phy_tx_polarity_flip_fabric309,1
1,phy_tx_polarity_flip_fabric310,0
1,phy_tx_polarity_flip_fabric311,0
1,phy_tx_polarity_flip_fabric312,1
1,phy_tx_polarity_flip_fabric313,0
1,phy_tx_polarity_flip_fabric314,0
1,phy_tx_polarity_flip_fabric315,1
1,phy_tx_polarity_flip_fabric316,0
1,phy_tx_polarity_flip_fabric317,1
1,phy_tx_polarity_flip_fabric318,0
1,phy_tx_polarity_flip_fabric319,0
1,phy_tx_polarity_flip_fabric320,0
1,phy_tx_polarity_flip_fabric321,0
1,phy_tx_polarity_flip_fabric322,1
1,phy_tx_polarity_flip_fabric323,1
1,phy_tx_polarity_flip_fabric324,1
1,phy_tx_polarity_flip_fabric325,0
1,phy_tx_polarity_flip_fabric326,0
1,phy_tx_polarity_flip_fabric327,0
1,phy_tx_polarity_flip_fabric328,0
1,phy_tx_polarity_flip_fabric329,0
1,phy_tx_polarity_flip_fabric330,1
1,phy_tx_polarity_flip_fabric331,1
1,phy_tx_polarity_flip_fabric332,1
1,phy_tx_polarity_flip_fabric333,0
1,phy_tx_polarity_flip_fabric334,0
1,phy_tx_polarity_flip_fabric335,0
1,phy_tx_polarity_flip_fabric336,1
1,phy_tx_polarity_flip_fabric337,0
1,phy_tx_polarity_flip_fabric338,0
1,phy_tx_polarity_flip_fabric339,1
1,phy_tx_polarity_flip_fabric340,0
1,phy_tx_polarity_flip_fabric341,1
1,phy_tx_polarity_flip_fabric342,0
1,phy_tx_polarity_flip_fabric343,0
1,phy_tx_polarity_flip_fabric344,1
1,phy_tx_polarity_flip_fabric345,0
1,phy_tx_polarity_flip_fabric346,0
1,phy_tx_polarity_flip_fabric347,1
1,phy_tx_polarity_flip_fabric348,0
1,phy_tx_polarity_flip_fabric349,1
1,phy_tx_polarity_flip_fabric350,0
1,phy_tx_polarity_flip_fabric351,0
1,phy_tx_polarity_flip_fabric352,0
1,phy_tx_polarity_flip_fabric353,0
1,phy_tx_polarity_flip_fabric354,1
1,phy_tx_polarity_flip_fabric355,1
1,phy_tx_polarity_flip_fabric356,1
1,phy_tx_polarity_flip_fabric357,0
1,phy_tx_polarity_flip_fabric358,0
1,phy_tx_polarity_flip_fabric359,0
1,phy_tx_polarity_flip_fabric360,0
1,phy_tx_polarity_flip_fabric361,0
1,phy_tx_polarity_flip_fabric362,1
1,phy_tx_polarity_flip_fabric363,1
1,phy_tx_polarity_flip_fabric364,1
1,phy_tx_polarity_flip_fabric365,0
1,phy_tx_polarity_flip_fabric366,0
1,phy_tx_polarity_flip_fabric367,0
1,phy_tx_polarity_flip_fabric368,1
1,phy_tx_polarity_flip_fabric369,0
1,phy_tx_polarity_flip_fabric370,0
1,phy_tx_polarity_flip_fabric371,1
1,phy_tx_polarity_flip_fabric372,0
1,phy_tx_polarity_flip_fabric373,1
1,phy_tx_polarity_flip_fabric374,0
1,phy_tx_polarity_flip_fabric375,0
1,phy_tx_polarity_flip_fabric376,1
1,phy_tx_polarity_flip_fabric377,0
1,phy_tx_polarity_flip_fabric378,0
1,phy_tx_polarity_flip_fabric379,1
1,phy_tx_polarity_flip_fabric380,0
1,phy_tx_polarity_flip_fabric381,1
1,phy_tx_polarity_flip_fabric382,0
1,phy_tx_polarity_flip_fabric383,0
1,phy_tx_polarity_flip_fabric384,1
1,phy_tx_polarity_flip_fabric385,0
1,phy_tx_polarity_flip_fabric386,1
1,phy_tx_polarity_flip_fabric387,0
1,phy_tx_polarity_flip_fabric388,0
1,phy_tx_polarity_flip_fabric389,1
1,phy_tx_polarity_flip_fabric390,0
1,phy_tx_polarity_flip_fabric391,1
1,phy_tx_polarity_flip_fabric392,1
1,phy_tx_polarity_flip_fabric393,0
1,phy_tx_polarity_flip_fabric394,1
1,phy_tx_polarity_flip_fabric395,0
1,phy_tx_polarity_flip_fabric396,0
1,phy_tx_polarity_flip_fabric397,1
1,phy_tx_polarity_flip_fabric398,0
1,phy_tx_polarity_flip_fabric399,1
1,phy_tx_polarity_flip_fabric400,0
1,phy_tx_polarity_flip_fabric401,1
1,phy_tx_polarity_flip_fabric402,0
1,phy_tx_polarity_flip_fabric403,1
1,phy_tx_polarity_flip_fabric404,1
1,phy_tx_polarity_flip_fabric405,0
1,phy_tx_polarity_flip_fabric406,1
1,phy_tx_polarity_flip_fabric407,0
1,phy_tx_polarity_flip_fabric408,0
1,phy_tx_polarity_flip_fabric409,1
1,phy_tx_polarity_flip_fabric410,0
1,phy_tx_polarity_flip_fabric411,1
1,phy_tx_polarity_flip_fabric412,1
1,phy_tx_polarity_flip_fabric413,0
1,phy_tx_polarity_flip_fabric414,1
1,phy_tx_polarity_flip_fabric415,0
1,phy_tx_polarity_flip_fabric416,1
1,phy_tx_polarity_flip_fabric417,0
1,phy_tx_polarity_flip_fabric418,1
1,phy_tx_polarity_flip_fabric419,0
1,phy_tx_polarity_flip_fabric420,0
1,phy_tx_polarity_flip_fabric421,1
1,phy_tx_polarity_flip_fabric422,0
1,phy_tx_polarity_flip_fabric423,1
1,phy_tx_polarity_flip_fabric424,1
1,phy_tx_polarity_flip_fabric425,0
1,phy_tx_polarity_flip_fabric426,1
1,phy_tx_polarity_flip_fabric427,0
1,phy_tx_polarity_flip_fabric428,0
1,phy_tx_polarity_flip_fabric429,1
1,phy_tx_polarity_flip_fabric430,0
1,phy_tx_polarity_flip_fabric431,1
1,phy_tx_polarity_flip_fabric432,0
1,phy_tx_polarity_flip_fabric433,1
1,phy_tx_polarity_flip_fabric434,0
1,phy_tx_polarity_flip_fabric435,1
1,phy_tx_polarity_flip_fabric436,1
1,phy_tx_polarity_flip_fabric437,0
1,phy_tx_polarity_flip_fabric438,1
1,phy_tx_polarity_flip_fabric439,0
1,phy_tx_polarity_flip_fabric440,0
1,phy_tx_polarity_flip_fabric441,1
1,phy_tx_polarity_flip_fabric442,0
1,phy_tx_polarity_flip_fabric443,1
1,phy_tx_polarity_flip_fabric444,1
1,phy_tx_polarity_flip_fabric445,0
1,phy_tx_polarity_flip_fabric446,1
1,phy_tx_polarity_flip_fabric447,0
1,phy_tx_polarity_flip_fabric448,1
1,phy_tx_polarity_flip_fabric449,0
1,phy_tx_polarity_flip_fabric450,1
1,phy_tx_polarity_flip_fabric451,0
1,phy_tx_polarity_flip_fabric452,0
1,phy_tx_polarity_flip_fabric453,1
1,phy_tx_polarity_flip_fabric454,0
1,phy_tx_polarity_flip_fabric455,1
1,phy_tx_polarity_flip_fabric456,1
1,phy_tx_polarity_flip_fabric457,0
1,phy_tx_polarity_flip_fabric458,1
1,phy_tx_polarity_flip_fabric459,0
1,phy_tx_polarity_flip_fabric460,0
1,phy_tx_polarity_flip_fabric461,1
1,phy_tx_polarity_flip_fabric462,0
1,phy_tx_polarity_flip_fabric463,1
1,phy_tx_polarity_flip_fabric464,0
1,phy_tx_polarity_flip_fabric465,1
1,phy_tx_polarity_flip_fabric466,0
1,phy_tx_polarity_flip_fabric467,1
1,phy_tx_polarity_flip_fabric468,0
1,phy_tx_polarity_flip_fabric469,0
1,phy_tx_polarity_flip_fabric470,1
1,phy_tx_polarity_flip_fabric471,0
1,phy_tx_polarity_flip_fabric472,1
1,phy_tx_polarity_flip_fabric473,1
1,phy_tx_polarity_flip_fabric474,1
1,phy_tx_polarity_flip_fabric475,1
1,phy_tx_polarity_flip_fabric476,0
1,phy_tx_polarity_flip_fabric477,1
1,phy_tx_polarity_flip_fabric478,1
1,phy_tx_polarity_flip_fabric479,0
1,phy_tx_polarity_flip_fabric480,0
1,phy_tx_polarity_flip_fabric481,1
1,phy_tx_polarity_flip_fabric482,1
1,phy_tx_polarity_flip_fabric483,0
1,phy_tx_polarity_flip_fabric484,0
1,phy_tx_polarity_flip_fabric485,1
1,phy_tx_polarity_flip_fabric486,1
1,phy_tx_polarity_flip_fabric487,0
1,phy_tx_polarity_flip_fabric488,0
1,phy_tx_polarity_flip_fabric489,1
1,phy_tx_polarity_flip_fabric490,0
1,phy_tx_polarity_flip_fabric491,1
1,phy_tx_polarity_flip_fabric492,0
1,phy_tx_polarity_flip_fabric493,1
1,phy_tx_polarity_flip_fabric494,0
1,phy_tx_polarity_flip_fabric495,1
1,phy_tx_polarity_flip_fabric496,1
1,phy_tx_polarity_flip_fabric497,0
1,phy_tx_polarity_flip_fabric498,0
1,phy_tx_polarity_flip_fabric499,1
1,phy_tx_polarity_flip_fabric500,1
1,phy_tx_polarity_flip_fabric501,0
1,phy_tx_polarity_flip_fabric502,0
1,phy_tx_polarity_flip_fabric503,1
1,phy_tx_polarity_flip_fabric504,1
1,phy_tx_polarity_flip_fabric505,0
1,phy_tx_polarity_flip_fabric506,1
1,phy_tx_polarity_flip_fabric507,0
1,phy_tx_polarity_flip_fabric508,1
1,phy_tx_polarity_flip_fabric509,0
1,phy_tx_polarity_flip_fabric510,1
1,phy_tx_polarity_flip_fabric511,0
